1768,12643,2010-03-19,2010-03-01,22,2420,0.02,110,2376.14,Ann Oakman,Express Scripts Holding Company,Health Care,Medical/Nursing Services,Derry,3038,New Hampshire,East,2010-03-21,2,Development - Python,Development,SQL,Abigail Young,Allen Young,50,1,0.55
6233,44162,2010-03-19,2010-03-01,46,6440,0.04,140,6194.25,Julie Knight,SanDisk Corporation,Technology,Electronic Components,Bettendorf,52722,Iowa,Central,2010-03-20,1,Development - Front End Web,Development,Java,Abigail Young,Josh Martinez,50,1,0.64
7115,50759,2010-03-19,2010-03-01,46,6900,0.1,150,6221.9,Deborah Braxton,Automatic Data Processing Inc.,Technology,EDP Services,Rochester,3839,New Hampshire,East,2010-03-24,5,Consulting - Market Research,Consulting,Java,Mason Gibson,Allen Young,71,1,0.53
1149,8387,2010-03-20,2010-03-01,35,5600,0.02,160,5498.65,Tamara Tyler,TripAdvisor Inc.,Technology,Computer Software: Programming Data Processing,Post Falls,83854,Idaho,West,2010-03-21,1,Development - Java,Development,Strategy,Abigail Young,Bob Turner,50,1,0.69
4677,33283,2010-03-20,2010-03-01,48,6000,0.02,125,5891.41,Frank Granlund,Mylan Inc.,Health Care,Major Pharmaceuticals,Yakima,98902,Washington,West,2010-03-20,0,Training - Javascript,Training,Tableau,Alexander Edison,Bob Turner,70,1,0.44
2186,15744,2010-03-21,2010-03-01,16,1760,0.09,110,1604.75,Jas Jarboe,DISH Network Corporation,Consumer Services,Television Services,Youngstown,44511,Ohio,East,2010-03-22,1,Development - Python,Development,Python,Elizabeth Carter,Allen Young,52,1,0.53
4256,30308,2010-03-21,2010-03-01,15,2400,0.08,160,2212.34,George Thompson,SanDisk Corporation,Technology,Electronic Components,Wylie,75098,Texas,Central,2010-03-22,1,Development - Java,Development,Java,Emily Taylor,Josh Martinez,62,1,0.61
4268,30374,2010-03-21,2010-03-01,12,2040,0.07,170,1900.93,Michelle Foster,Analog Devices Inc.,Technology,Semiconductors,Richmond,40475,Kentucky,South,2010-03-22,1,Development - .Net,Development,Java,Liam Franklin,Frank Mitchell,52,1,0.69
4269,30374,2010-03-21,2010-03-01,42,6300,0,150,6312.39,Michelle Foster,Analog Devices Inc.,Technology,Semiconductors,Richmond,40475,Kentucky,South,2010-03-22,1,Consulting - Business Model,Consulting,PHP,Mason Gibson,Frank Mitchell,71,1,0.53
4589,32641,2010-03-21,2010-03-01,18,2880,0.05,160,2741.38,Fred Overcash,O'Reilly Automotive Inc.,Consumer Services,Other Specialty Stores,Denver,80219,Colorado,West,2010-03-22,1,Development - Java,Development,Scala,Abigail Young,Bob Turner,50,1,0.69
6253,44290,2010-03-21,2010-03-01,49,6125,0.06,125,5768.82,Peter Abelman,NVIDIA Corporation,Technology,Semiconductors,Augusta,30904,Georgia,South,2010-03-23,2,Training - SQL,Training,Business Model,Liam Franklin,Frank Mitchell,52,1,0.58
6254,44290,2010-03-21,2010-03-01,28,3080,0.01,110,3055.2,Peter Abelman,NVIDIA Corporation,Technology,Semiconductors,Augusta,30904,Georgia,South,2010-03-23,2,Development - Python,Development,Business Model,Alexander Edison,Frank Mitchell,70,1,0.36
6255,44290,2010-03-21,2010-03-01,41,4510,0.02,110,4428.49,Peter Abelman,NVIDIA Corporation,Technology,Semiconductors,Augusta,30904,Georgia,South,2010-03-23,2,Development - Python,Development,Python,Ava Wilson,Frank Mitchell,67,1,0.39
4181,29671,2010-03-22,2010-03-01,43,5160,0.02,120,5066.87,Duane Kennedy,Discovery Communications Inc.,Consumer Services,Television Services,Lancaster,75146,Texas,Central,2010-03-23,1,Development - Business Logic,Development,Business Model,Emma Watson,Josh Martinez,67,1,0.44
7442,53060,2010-03-22,2010-03-01,36,5400,0.1,150,4869.68,Eric Dilbeck,Google Inc.,Technology,Computer Software: Programming Data Processing,Inglewood,90301,California,West,2010-03-24,2,Consulting - Business Model,Consulting,Python,Mia Moore,Bob Turner,51,1,0.66
7443,53060,2010-03-22,2010-03-01,4,440,0.02,110,432.06,Eric Dilbeck,Google Inc.,Technology,Computer Software: Programming Data Processing,Inglewood,90301,California,West,2010-03-24,2,Development - Python,Development,SQL,Noah Smith,Bob Turner,59,1,0.46
593,4037,2010-03-23,2010-03-01,27,2970,0,110,2975.99,Bruce Hopkins,Amgen Inc.,Health Care,Biotechnology: Biological Products (No Diagnostic Substances),Lees Summit,64064,MO,Central,2010-03-24,1,Development - Python,Development,Big Data,Emily Taylor,Josh Martinez,62,1,0.44
756,5414,2010-03-24,2010-03-01,14,2800,0.1,200,2525.14,Michelle Crier,Automatic Data Processing Inc.,Technology,EDP Services,Crofton,21114,Maryland,East,2010-03-25,1,Development - Big Data,Development,Python,Madison Hill,Allen Young,58,1,0.71
809,5830,2010-03-24,2010-03-01,49,6125,0.07,125,5707.88,Shirley Jenkins,Liberty Global plc,Consumer Services,Television Services,Somerville,2145,MA,East,2010-03-25,1,Training - SQL,Training,Tableau,Ethan Bird,Allen Young,60,1,0.52
5187,36866,2010-03-24,2010-03-01,32,6400,0.1,200,5771.76,Brian Beltran,Automatic Data Processing Inc.,Technology,EDP Services,Mineral Wells,76067,Texas,Central,2010-03-26,2,Development - Big Data,Development,Front End Web,Mason Gibson,Josh Martinez,71,1,0.65
6293,44546,2010-03-24,2010-03-01,15,2100,0.05,140,1999.07,Vivek Brown,Expeditors International of Washington Inc.,Transportation,Oil Refining/Marketing,Bethesda,20814,Maryland,East,2010-03-25,1,Development - Database,Development,Java,Olivia Sullivan,Allen Young,53,1,0.62
7312,52135,2010-03-24,2010-03-01,38,5700,0.04,150,5483.17,Jeremy Hansen,Gilead Sciences Inc.,Health Care,Biotechnology: Biological Products (No Diagnostic Substances),Friendswood,77546,Texas,Central,2010-03-26,2,Consulting - Business Model,Consulting,SQL,Emma Watson,Josh Martinez,67,1,0.55
2478,18017,2010-03-25,2010-03-01,22,2750,0.02,125,2700.57,Benjamin Schmidt,Ross Stores Inc.,Consumer Services,Clothing/Shoe/Accessory Stores,Dumont,7628,New Jersey,East,2010-03-27,2,Training - Javascript,Training,Java,Olivia Sullivan,Allen Young,53,1,0.58
2746,19815,2010-03-25,2010-03-01,33,3630,0.03,110,3528.37,Karen Jacobs,VimpelCom Ltd.,Public Utilities,Telecommunications Equipment,San Francisco,94110,California,West,2010-03-28,3,Development - Python,Development,.Net,Abigail Young,Bob Turner,50,1,0.55
4980,35430,2010-03-25,2010-03-01,16,2000,0.05,125,1903.92,Liz Vernon,Google Inc.,Technology,Computer Software: Programming Data Processing,Hudson,44236,Ohio,East,2010-04-01,7,Training - SQL,Training,SQL,Daniel Tusk,Allen Young,45,1,0.64
4981,35430,2010-03-25,2010-03-01,48,5760,0.1,120,5194.71,Liz Vernon,Google Inc.,Technology,Computer Software: Programming Data Processing,Hudson,44236,Ohio,East,2010-03-29,4,Development - Business Logic,Development,Big Data,William Bufont,Allen Young,62,1,0.48
4982,35430,2010-03-25,2010-03-01,31,4650,0.08,150,4286.84,Liz Vernon,Google Inc.,Technology,Computer Software: Programming Data Processing,Hudson,44236,Ohio,East,2010-03-27,2,Consulting - Market Research,Consulting,SQL,Ethan Bird,Allen Young,60,1,0.6
6013,42597,2010-03-25,2010-03-01,5,750,0.04,150,721.49,Paul Hazard,Lam Research Corporation,Technology,Industrial Machinery/Components,Sioux Falls,57103,South Dakota,Central,2010-03-27,2,Consulting - Business Model,Consulting,Market Research,Olivia Sullivan,Josh Martinez,53,1,0.65
992,7169,2010-03-26,2010-03-01,22,2750,0.05,125,2617.96,Lela Demir,Citrix Systems Inc.,Technology,Computer Software: Prepackaged Software,Southgate,48195,Michigan,Central,2010-03-28,2,Training - SQL,Training,PHP,Noah Smith,Josh Martinez,59,1,0.53
993,7169,2010-03-26,2010-03-01,30,4500,0.07,150,4193.75,Lela Demir,Citrix Systems Inc.,Technology,Computer Software: Prepackaged Software,Southgate,48195,Michigan,Central,2010-03-28,2,Consulting - Market Research,Consulting,Python,Isabella Douglas,Josh Martinez,75,1,0.5
3909,27875,2010-03-26,2010-03-01,5,850,0.1,170,766.6,Muhammed Kamberova,Celgene Corporation,Health Care,Major Pharmaceuticals,Portsmouth,23701,Virginia,South,2010-03-31,5,Development - .Net,Development,Business Model,Liam Franklin,Frank Mitchell,52,1,0.69
1511,10919,2010-03-27,2010-03-01,42,8400,0.07,200,7828.53,Ross Stobb,Avago Technologies Limited,Technology,Semiconductors,Glen Burnie,21061,Maryland,East,2010-03-27,0,Development - Big Data,Development,Scala,Sophia Dixon,Allen Young,71,1,0.65
5337,37923,2010-03-27,2010-03-01,29,3190,0.01,110,3164.78,Paul Grace,Liberty Interactive Corporation,Consumer Services,Catalog/Specialty Distribution,Wilmington,28403,North Carolina,South,2010-03-28,1,Development - Python,Development,SQL,Liam Franklin,Frank Mitchell,52,1,0.53
8203,58657,2010-03-27,2010-03-01,43,6450,0.04,150,6205.1,Kelly Arnett,Activision Blizzard Inc,Technology,Computer Software: Prepackaged Software,Draper,84020,Utah,West,2010-03-29,2,Consulting - Business Model,Consulting,Python,Ava Wilson,Bob Turner,67,1,0.55
716,5094,2010-03-28,2010-03-01,2,240,0.06,120,226.08,Mark Steele,Microsoft Corporation,Technology,Computer Software: Prepackaged Software,Pasadena,91104,California,West,2010-03-30,2,Development - Business Logic,Development,SQL,Noah Smith,Bob Turner,59,1,0.51
843,6050,2010-03-28,2010-03-01,3,450,0.06,150,423.91,Phillip West,Liberty Interactive Corporation,Consumer Services,Catalog/Specialty Distribution,Plainview,11803,New York,East,2010-04-04,7,Consulting - Strategy,Consulting,Python,Jacob Manziel,Allen Young,57,1,0.62
844,6050,2010-03-28,2010-03-01,47,5875,0.08,125,5416.57,Phillip West,Liberty Interactive Corporation,Consumer Services,Catalog/Specialty Distribution,Plainview,11803,New York,East,2010-04-02,5,Training - Javascript,Training,PHP,Michael Alister,Allen Young,68,1,0.46
3068,21988,2010-03-28,2010-03-01,4,680,0.06,170,640.57,Jeremy Nguyen,Google Inc.,Technology,Computer Software: Programming Data Processing,Ojai,91360,California,West,2010-03-30,2,Development - .Net,Development,Java,Mason Gibson,Bob Turner,71,1,0.58
4977,35425,2010-03-28,2010-03-01,25,4000,0,160,4008.56,Tracy Hoffman,Cerner Corporation,Technology,EDP Services,Florence,29501,South Carolina,South,2010-03-30,2,Development - Java,Development,Development,Mia Moore,Frank Mitchell,51,1,0.68
4978,35425,2010-03-28,2010-03-01,45,6300,0.08,140,5808.41,Tracy Hoffman,Cerner Corporation,Technology,EDP Services,Florence,29501,South Carolina,South,2010-03-30,2,Development - Database,Development,Business Model,Ava Wilson,Frank Mitchell,67,1,0.52
5748,40832,2010-03-29,2010-03-01,22,2750,0.03,125,2673.28,Erin Eichhorn,Kraft Foods Group Inc.,Consumer Non-Durables,Packaged Foods,Bessemer,35020,Alabama,South,2010-03-30,1,Training - SQL,Training,Java,Ethan Bird,Frank Mitchell,60,1,0.52
5944,42209,2010-03-29,2010-03-01,5,850,0.08,170,783.69,Alan Reichenbach,Amgen Inc.,Health Care,Biotechnology: Biological Products (No Diagnostic Substances),Streamwood,60107,Illinois,Central,2010-03-29,0,Development - .Net,Development,.Net,Jayden Hamilton,Josh Martinez,71,1,0.58
5945,42209,2010-03-29,2010-03-01,31,3875,0.04,125,3728.05,Alan Reichenbach,Amgen Inc.,Health Care,Biotechnology: Biological Products (No Diagnostic Substances),Tinley Park,60477,Illinois,Central,2010-04-01,3,Training - Development,Training,Business Logic,Olivia Sullivan,Josh Martinez,53,1,0.58
7232,51558,2010-03-29,2010-03-01,34,3740,0,110,3748.1,Greg Maxwell,VimpelCom Ltd.,Public Utilities,Telecommunications Equipment,Indianapolis,46203,Indiana,Central,2010-03-29,0,Development - Python,Development,Big Data,Madison Hill,Josh Martinez,58,1,0.47
7233,51558,2010-03-29,2010-03-01,47,5875,0.04,125,5652.21,Greg Maxwell,VimpelCom Ltd.,Public Utilities,Telecommunications Equipment,Indianapolis,46203,Indiana,Central,2010-03-29,0,Training - Javascript,Training,PHP,Olivia Sullivan,Josh Martinez,53,1,0.58
680,4743,2010-03-30,2010-03-01,29,4640,0.09,160,4231.65,Gary Monton,SBA Communications Corporation,Consumer Services,Telecommunications Equipment,Weslaco,78596,Texas,Central,2010-04-03,4,Development - Java,Development,Javascript,Emily Taylor,Josh Martinez,62,1,0.61
681,4743,2010-03-30,2010-03-01,32,6400,0.01,200,6349.88,Gary Monton,SBA Communications Corporation,Consumer Services,Telecommunications Equipment,Weslaco,78596,Texas,Central,2010-04-06,7,Development - Big Data,Development,Development,William Bufont,Josh Martinez,62,1,0.69
2657,19206,2010-03-30,2010-03-01,40,6400,0,160,6414.02,Michelle Foster,Analog Devices Inc.,Technology,Semiconductors,Pleasure Ridge Park,40258,Kentucky,South,2010-04-03,4,Development - Java,Development,Java,Daniel Tusk,Frank Mitchell,45,1,0.72
2658,19206,2010-03-30,2010-03-01,32,4000,0.1,125,3607.88,Michelle Foster,Analog Devices Inc.,Technology,Semiconductors,Pleasure Ridge Park,40258,Kentucky,South,2010-04-01,2,Training - Development,Training,Python,Alexander Edison,Frank Mitchell,70,1,0.44
4776,33921,2010-03-30,2010-03-01,35,4375,0.05,125,4165.35,Daniel Price,SanDisk Corporation,Technology,Electronic Components,Roosevelt,11575,New York,East,2010-04-08,9,Training - Development,Training,SQL,Alexander Edison,Allen Young,70,1,0.44
5445,38659,2010-03-30,2010-03-01,48,7200,0.04,150,6927.14,Jonathan Akin,NVIDIA Corporation,Technology,Semiconductors,Greensboro,27405,North Carolina,South,2010-04-03,4,Consulting - Business Model,Consulting,SQL,Ava Wilson,Frank Mitchell,67,1,0.55
5446,38659,2010-03-30,2010-03-01,32,4000,0.05,125,3808.32,Jonathan Akin,NVIDIA Corporation,Technology,Semiconductors,Greensboro,27405,North Carolina,South,2010-04-06,7,Training - Javascript,Training,SQL,Isabella Douglas,Frank Mitchell,75,1,0.4
6317,44706,2010-03-30,2010-03-01,18,2250,0.08,125,2074.53,Ritsa Brown,Whole Foods Market Inc.,Consumer Services,Food Chains,Shawnee,74801,Oklahoma,Central,2010-04-01,2,Training - Javascript,Training,Python,Sophia Dixon,Josh Martinez,71,1,0.43
6318,44706,2010-03-30,2010-03-01,33,4620,0.07,140,4306.01,Ritsa Brown,Whole Foods Market Inc.,Consumer Services,Food Chains,Stillwater,74074,Oklahoma,Central,2010-04-04,5,Development - Database,Development,Business Logic,Olivia Sullivan,Josh Martinez,53,1,0.62
3243,23238,2010-03-31,2010-03-01,25,3750,0.05,150,3570.39,Bradley Fjeld,Verisk Analytics Inc.,Technology,EDP Services,Sacramento,90069,California,West,2010-04-02,2,Consulting - Strategy,Consulting,.Net,Madison Hill,Bob Turner,58,1,0.61
7430,52964,2010-03-31,2010-03-01,44,5500,0.08,125,5071.21,Jim French,Liberty Global plc,Consumer Services,Television Services,Elk Grove Village,60007,Illinois,Central,2010-04-01,1,Training - SQL,Training,Java,Daniel Tusk,Josh Martinez,45,1,0.64
7517,53668,2010-03-31,2010-03-01,9,1260,0.04,140,1212.28,Dorris Engle,Costco Wholesale Corporation,Consumer Services,Department/Specialty Retail Stores,Dix Hills,11746,New York,East,2010-04-01,1,Development - Front End Web,Development,Python,Ethan Bird,Allen Young,60,1,0.57
3052,21889,2010-04-01,2010-04-01,21,2625,0.08,125,2420.41,Becky Wallace,NXP Semiconductors N.V.,Technology,Semiconductors,Batavia,60510,Illinois,Central,2010-04-08,7,Training - SQL,Training,.Net,Madison Hill,Josh Martinez,58,1,0.54
3053,21889,2010-04-01,2010-04-01,16,3200,0.1,200,2886.45,Becky Wallace,NXP Semiconductors N.V.,Technology,Semiconductors,Batavia,60510,Illinois,Central,2010-04-03,2,Development - Big Data,Development,SQL,Olivia Sullivan,Josh Martinez,53,1,0.74
4831,34371,2010-04-01,2010-04-01,18,2700,0.05,150,2570.75,Scott Bell,Fiserv Inc.,Technology,EDP Services,Mount Vernon,43050,Ohio,East,2010-04-03,2,Consulting - Strategy,Consulting,Python,Jayden Hamilton,Allen Young,71,1,0.53
6266,44358,2010-04-01,2010-04-01,22,2750,0,125,2756.16,Cynthia Irving,The Priceline Group Inc.,Miscellaneous,Business Services,Dundalk,21222,Maryland,East,2010-04-03,2,Training - Javascript,Training,SQL,Mia Moore,Allen Young,51,1,0.59
6524,46434,2010-04-01,2010-04-01,34,5440,0.06,160,5125.05,David O'Rourke,Wynn Resorts Limited,Consumer Services,Hotels/Resorts,Sulphur Springs,75482,Texas,Central,2010-04-02,1,Development - Java,Development,Java,Ethan Bird,Josh Martinez,60,1,0.63
2744,19812,2010-04-02,2010-04-01,3,375,0.01,125,372.09,Alex Grayson,C.H. Robinson Worldwide Inc.,Transportation,Oil Refining/Marketing,Mcminnville,97128,Oregon,West,2010-04-07,5,Training - Javascript,Training,Javascript,Elizabeth Carter,Bob Turner,52,1,0.58
5432,38596,2010-04-02,2010-04-01,20,2400,0.06,120,2261.11,Aleksandra Trafton,Celgene Corporation,Health Care,Major Pharmaceuticals,Terrytown,70056,Louisiana,South,2010-04-03,1,Development - Business Logic,Development,Market Research,Ethan Bird,Frank Mitchell,60,1,0.5
739,5318,2010-04-03,2010-04-01,8,1360,0.08,170,1254.06,Matt Miller,PACCAR Inc.,Capital Goods,Auto Manufacturing,Fort Dodge,50501,Iowa,Central,2010-04-05,2,Development - .Net,Development,Python,Olivia Sullivan,Josh Martinez,53,1,0.69
740,5318,2010-04-03,2010-04-01,29,4350,0.03,150,4229.16,Matt Miller,PACCAR Inc.,Capital Goods,Auto Manufacturing,Fort Dodge,50501,Iowa,Central,2010-04-04,1,Consulting - Market Research,Consulting,Big Data,William Bufont,Josh Martinez,62,1,0.59
1814,12999,2010-04-03,2010-04-01,31,6200,0.09,200,5654.92,Georgia Flathmann,Stericycle Inc.,Basic Industries,Environmental Services,Alexandria,22304,Virginia,South,2010-04-04,1,Development - Big Data,Development,Business Model,Emma Watson,Frank Mitchell,67,1,0.67
3072,22022,2010-04-03,2010-04-01,1,150,0.07,150,139.82,Hallie Fritzler,Yahoo! Inc.,Technology,EDP Services,Ferguson,63135,MO,Central,2010-04-04,1,Consulting - Strategy,Consulting,Business Logic,Jayden Hamilton,Josh Martinez,71,1,0.53
3151,22627,2010-04-03,2010-04-01,33,4125,0.09,125,3762.35,Bill Black,Seagate Technology.,Technology,Electronic Components,Bangor,4401,Maine,East,2010-04-08,5,Training - SQL,Training,Java,Noah Smith,Allen Young,59,1,0.53
3152,22627,2010-04-03,2010-04-01,46,5750,0.03,125,5590.27,Bill Black,Seagate Technology.,Technology,Electronic Components,Lodi,95240,California,West,2010-04-03,0,Training - Tableau,Training,Market Research,Ava Wilson,Bob Turner,67,1,0.46
2991,21600,2010-04-04,2010-04-01,17,1870,0.03,110,1818.1,Ashley Wiener,Lam Research Corporation,Technology,Industrial Machinery/Components,Forest Park,30297,Georgia,South,2010-04-11,7,Development - Python,Development,Python,Emily Taylor,Frank Mitchell,62,1,0.44
5630,39847,2010-04-04,2010-04-01,29,4640,0.08,160,4278.68,Jennifer Haines,Twenty-First Century Fox Inc.,Consumer Services,Television Services,Salinas,93905,California,West,2010-04-05,1,Development - Java,Development,Business Model,Liam Franklin,Bob Turner,52,1,0.68
5631,39847,2010-04-04,2010-04-01,49,9800,0.08,200,9036.87,Jennifer Haines,Twenty-First Century Fox Inc.,Consumer Services,Television Services,Salinas,93905,California,West,2010-04-05,1,Development - Big Data,Development,Market Research,Emma Watson,Bob Turner,67,1,0.67
5632,39847,2010-04-04,2010-04-01,20,3000,0.08,150,2766.39,Jennifer Haines,Twenty-First Century Fox Inc.,Consumer Services,Television Services,Salinas,93905,California,West,2010-04-06,2,Consulting - Market Research,Consulting,Scala,Emily Taylor,Bob Turner,62,1,0.59
1077,7936,2010-04-05,2010-04-01,50,6250,0.06,125,5888.74,Pete Tran,Netflix Inc.,Consumer Services,Consumer Electronics/Video Chains,Edgewood,21040,Maryland,East,2010-04-05,0,Training - Tableau,Training,.Net,Jayden Hamilton,Allen Young,71,1,0.43
1078,7936,2010-04-05,2010-04-01,15,3000,0.06,200,2826.6,Pete Tran,Netflix Inc.,Consumer Services,Consumer Electronics/Video Chains,Edgewood,21040,Maryland,East,2010-04-10,5,Development - Big Data,Development,Business Logic,Madison Hill,Allen Young,58,1,0.71
3188,22881,2010-04-06,2010-04-01,33,6600,0.04,200,6350.98,Melanie Mitchum,Tesla Motors Inc.,Capital Goods,Auto Manufacturing,Harlingen,78550,Texas,Central,2010-04-07,1,Development - Big Data,Development,Big Data,Ethan Bird,Josh Martinez,60,1,0.7
4182,29700,2010-04-06,2010-04-01,9,1800,0.01,200,1786.21,Eric Dilbeck,Google Inc.,Technology,Computer Software: Programming Data Processing,Londonderry,3053,New Hampshire,East,2010-04-07,1,Development - Scala,Development,.Net,Liam Franklin,Allen Young,52,1,0.74
7835,56003,2010-04-06,2010-04-01,13,1625,0.1,125,1465.96,Katrina Radford,Analog Devices Inc.,Technology,Semiconductors,Upper Saint Clair,15241,Pennsylvania,East,2010-04-07,1,Training - Javascript,Training,Business Logic,Mia Moore,Allen Young,51,1,0.59
838,5990,2010-04-07,2010-04-01,9,990,0.06,110,932.82,Eric Stewart,Garmin Ltd.,Capital Goods,Industrial Machinery/Components,Inglewood,90301,California,West,2010-04-08,1,Development - Python,Development,SQL,Michael Alister,Bob Turner,68,1,0.38
1321,9664,2010-04-07,2010-04-01,13,1430,0.06,110,1347.41,Matthew Lucas,Ross Stores Inc.,Consumer Services,Clothing/Shoe/Accessory Stores,Clovis,88101,New Mexico,West,2010-04-10,3,Development - Python,Development,Scala,Isabella Douglas,Bob Turner,75,1,0.32
1657,11943,2010-04-07,2010-04-01,49,7840,0.09,160,7151.45,Stephanie Tate,Microsoft Corporation,Technology,Computer Software: Prepackaged Software,Kirkland,98034,Washington,West,2010-04-14,7,Development - Java,Development,Python,Mason Gibson,Bob Turner,71,1,0.56
1658,11943,2010-04-07,2010-04-01,19,2375,0.08,125,2190.22,Stephanie Tate,Microsoft Corporation,Technology,Computer Software: Prepackaged Software,Kirkland,98034,Washington,West,2010-04-09,2,Training - Development,Training,Market Research,Ava Wilson,Bob Turner,67,1,0.46
3751,26786,2010-04-07,2010-04-01,29,4930,0.08,170,4546.44,Evan Castell,Marriott International,Consumer Services,Hotels/Resorts,La Mesa,91941,California,West,2010-04-08,1,Development - .Net,Development,Market Research,Madison Hill,Bob Turner,58,1,0.66
8108,57889,2010-04-07,2010-04-01,39,5850,0.01,150,5805.34,Trudy Armstrong,Cisco Systems Inc.,Technology,Computer Communications Equipment,El Mirage,85335,Arizona,West,2010-04-11,4,Consulting - Market Research,Consulting,SQL,Mia Moore,Bob Turner,51,1,0.66
3777,26951,2010-04-08,2010-04-01,3,450,0.05,150,428.53,Kean MacKendrick,Autodesk Inc.,Technology,Computer Software: Prepackaged Software,Peachtree City,30269,Georgia,South,2010-04-09,1,Consulting - Strategy,Consulting,.Net,Daniel Tusk,Frank Mitchell,45,1,0.7
3930,28007,2010-04-08,2010-04-01,23,3910,0.03,170,3801.86,Deborah Braxton,Automatic Data Processing Inc.,Technology,EDP Services,Ontario,91761,California,West,2010-04-09,1,Development - .Net,Development,SQL,Jacob Manziel,Bob Turner,57,1,0.66
3931,28007,2010-04-08,2010-04-01,20,2400,0.02,120,2357.68,Deborah Braxton,Automatic Data Processing Inc.,Technology,EDP Services,Ontario,91761,California,West,2010-04-09,1,Development - Business Logic,Development,.Net,Ava Wilson,Bob Turner,67,1,0.44
3932,28007,2010-04-08,2010-04-01,20,2800,0.04,140,2694.49,Deborah Braxton,Automatic Data Processing Inc.,Technology,EDP Services,Ontario,91761,California,West,2010-04-09,1,Development - Front End Web,Development,Front End Web,Mason Gibson,Bob Turner,71,1,0.49
3448,24581,2010-04-09,2010-04-01,8,1280,0.03,160,1244.63,George Barnes,Sirius XM Holdings Inc.,Consumer Services,Broadcasting,Lufkin,75901,Texas,Central,2010-04-10,1,Development - Java,Development,SQL,Isabella Douglas,Josh Martinez,75,1,0.53
4156,29478,2010-04-09,2010-04-01,15,2250,0.01,150,2232.93,Russell Folk,Check Point Software Technologies Ltd.,Technology,Computer Software: Prepackaged Software,Poinciana,34759,Florida,South,2010-04-12,3,Consulting - Market Research,Consulting,Javascript,Olivia Sullivan,Frank Mitchell,53,1,0.65
7661,54917,2010-04-09,2010-04-01,12,1800,0.06,150,1696.13,Anthony Haberlin,Intuit Inc.,Technology,Computer Software: Prepackaged Software,Grand Junction,81503,Colorado,West,2010-04-10,1,Consulting - Compensation,Consulting,Front End Web,Michael Alister,Bob Turner,68,1,0.55
763,5472,2010-04-10,2010-04-01,32,3520,0,110,3528.67,Karl Webber,Western Digital Corporation,Technology,Electronic Components,Carlsbad,92008,California,West,2010-04-12,2,Development - Python,Development,Python,Noah Smith,Bob Turner,59,1,0.46
764,5472,2010-04-10,2010-04-01,27,5400,0.09,200,4926.11,Karl Webber,Western Digital Corporation,Technology,Electronic Components,Carlsbad,92008,California,West,2010-04-14,4,Development - Big Data,Development,Front End Web,Jayden Hamilton,Bob Turner,71,1,0.65
765,5472,2010-04-10,2010-04-01,12,1800,0.09,150,1642.04,Karl Webber,Western Digital Corporation,Technology,Electronic Components,Carlsbad,92008,California,West,2010-04-12,2,Consulting - Market Research,Consulting,SQL,Noah Smith,Bob Turner,59,1,0.61
1760,12613,2010-04-10,2010-04-01,3,480,0.08,160,442.69,Richard Koutras,Texas Instruments Incorporated,Technology,Semiconductors,Marrero,70072,Louisiana,South,2010-04-13,3,Development - Java,Development,Business Logic,Elizabeth Carter,Frank Mitchell,52,1,0.68
1761,12613,2010-04-10,2010-04-01,28,4480,0,160,4491.04,Richard Koutras,Texas Instruments Incorporated,Technology,Semiconductors,Marrero,70072,Louisiana,South,2010-04-11,1,Development - Java,Development,Front End Web,Mason Gibson,Frank Mitchell,71,1,0.56
1762,12613,2010-04-10,2010-04-01,18,2250,0.04,125,2165.32,Richard Koutras,Texas Instruments Incorporated,Technology,Semiconductors,Marrero,70072,Louisiana,South,2010-04-11,1,Training - SQL,Training,SQL,Mia Moore,Frank Mitchell,51,1,0.59
2667,19296,2010-04-10,2010-04-01,43,5160,0.04,120,4965.81,Eric Stewart,Garmin Ltd.,Capital Goods,Industrial Machinery/Components,Inglewood,90301,California,West,2010-04-12,2,Development - Business Logic,Development,Market Research,Jayden Hamilton,Bob Turner,71,1,0.41
5683,40164,2010-04-10,2010-04-01,8,1000,0.04,125,962.37,Chuck Bierner,Intuitive Surgical Inc.,Health Care,Industrial Specialties,Owosso,48841,Michigan,Central,2010-04-12,2,Training - SQL,Training,Python,Emma Watson,Josh Martinez,67,1,0.46
