6763,48167,2009-09-06,2009-09-01,45,4950,0.06,110,4639.45,Dana Castell,Sigma-Aldrich Corporation,Consumer Durables,Specialty Chemicals,Shoreview,55126,Minnesota,Central,2009-09-07,1,Development - Python,Development,Python,Isabella Douglas,Josh Martinez,75,1,0.32
6764,48167,2009-09-06,2009-09-01,27,3375,0.09,125,3062.31,Dana Castell,Sigma-Aldrich Corporation,Consumer Durables,Specialty Chemicals,Shoreview,55126,Minnesota,Central,2009-09-07,1,Training - Javascript,Training,Tableau,Ethan Bird,Josh Martinez,60,1,0.52
6851,48775,2009-09-06,2009-09-01,17,1870,0.09,110,1696.74,Craig Bolton,Netflix Inc.,Consumer Services,Consumer Electronics/Video Chains,Roy,84067,Utah,West,2009-09-08,2,Development - Python,Development,Business Model,Abigail Young,Bob Turner,50,1,0.55
1383,10052,2009-09-07,2009-09-01,16,1920,0.07,120,1780.44,Dan MacKendrick,Ross Stores Inc.,Consumer Services,Clothing/Shoe/Accessory Stores,Goleta,93117,California,West,2009-09-08,1,Development - Business Logic,Development,Java,Alexander Edison,Bob Turner,70,1,0.42
1384,10052,2009-09-07,2009-09-01,28,4760,0.08,170,4366.56,Dan MacKendrick,Ross Stores Inc.,Consumer Services,Clothing/Shoe/Accessory Stores,Hacienda Heights,91745,California,West,2009-09-09,2,Development - .Net,Development,Tableau,Daniel Tusk,Bob Turner,45,1,0.74
1385,10052,2009-09-07,2009-09-01,46,7360,0.02,160,7191.98,Dan MacKendrick,Ross Stores Inc.,Consumer Services,Clothing/Shoe/Accessory Stores,Hacienda Heights,91745,California,West,2009-09-09,2,Development - Java,Development,Development,Michael Alister,Bob Turner,68,1,0.58
736,5317,2009-09-08,2009-09-01,38,6080,0.09,160,5516.96,Christopher Brandow,Illumina Inc.,Capital Goods,Biotechnology: Laboratory Analytical Instruments,Thornton,80229,Colorado,West,2009-09-15,7,Development - Java,Development,SQL,Elizabeth Carter,Bob Turner,52,1,0.68
737,5317,2009-09-08,2009-09-01,10,1250,0.07,125,1159.17,Christopher Brandow,Illumina Inc.,Capital Goods,Biotechnology: Laboratory Analytical Instruments,Thornton,80229,Colorado,West,2009-09-15,7,Training - Tableau,Training,Scala,Isabella Douglas,Bob Turner,75,1,0.4
738,5317,2009-09-08,2009-09-01,25,3750,0.06,150,3514.91,Christopher Brandow,Illumina Inc.,Capital Goods,Biotechnology: Laboratory Analytical Instruments,Thornton,80229,Colorado,West,2009-09-15,7,Consulting - Market Research,Consulting,SQL,Noah Smith,Bob Turner,59,1,0.61
5342,37926,2009-09-08,2009-09-01,31,3720,0.02,120,3635.17,Rick Coakley,Vodafone Group Plc,Public Utilities,Telecommunications Equipment,Dunwoody,30338,Georgia,South,2009-09-10,2,Development - Business Logic,Development,Python,Abigail Young,Frank Mitchell,50,1,0.58
7773,55648,2009-09-09,2009-09-01,5,600,0.08,120,550.43,Sung Fjeld,SBA Communications Corporation,Consumer Services,Telecommunications Equipment,New Orleans,70117,Louisiana,South,2009-09-12,3,Development - Business Logic,Development,Market Research,Ava Wilson,Frank Mitchell,67,1,0.44
551,3746,2009-09-10,2009-09-01,14,2100,0,150,2094.09,Alan Carroll,Amazon.com Inc.,Consumer Services,Catalog/Specialty Distribution,Puyallup,98373,Washington,West,2009-09-10,0,Consulting - Market Research,Consulting,Java,Sophia Dixon,Bob Turner,71,1,0.53
552,3746,2009-09-10,2009-09-01,38,4180,0.02,110,4084.88,Alan Carroll,Amazon.com Inc.,Consumer Services,Catalog/Specialty Distribution,Redmond,98052,Washington,West,2009-09-11,1,Development - Python,Development,Market Research,Abigail Young,Bob Turner,50,1,0.55
6157,43590,2009-09-10,2009-09-01,24,3000,0.06,125,2812.07,Harold Nunn,Analog Devices Inc.,Technology,Semiconductors,Wooster,44691,Ohio,East,2009-09-12,2,Training - Development,Training,Database,Elizabeth Carter,Allen Young,52,1,0.58
1472,10629,2009-09-11,2009-09-01,39,4875,0.06,125,4569.73,Helen Kimmel,Amgen Inc.,Health Care,Biotechnology: Biological Products (No Diagnostic Substances),Dundalk,21222,Maryland,East,2009-09-13,2,Training - SQL,Training,Market Research,Sophia Dixon,Allen Young,71,1,0.43
1473,10629,2009-09-11,2009-09-01,14,1540,0.09,110,1397.49,Helen Kimmel,Amgen Inc.,Health Care,Biotechnology: Biological Products (No Diagnostic Substances),Dundalk,21222,Maryland,East,2009-09-13,2,Development - Python,Development,Market Research,Elizabeth Carter,Allen Young,52,1,0.53
1679,12099,2009-09-11,2009-09-01,1,200,0.06,200,187.48,Cindy Savely,Linear Technology Corporation,Technology,Semiconductors,Prescott,86301,Arizona,West,2009-09-11,0,Development - Scala,Development,Market Research,Elizabeth Carter,Bob Turner,52,1,0.74
1680,12099,2009-09-11,2009-09-01,48,5280,0.01,110,5212.63,Cindy Savely,Linear Technology Corporation,Technology,Semiconductors,Prescott,86301,Arizona,West,2009-09-13,2,Development - Python,Development,Scala,Jacob Manziel,Bob Turner,57,1,0.48
1842,13280,2009-09-11,2009-09-01,40,8000,0.01,200,7897.92,Grant Jackson,Tesla Motors Inc.,Capital Goods,Auto Manufacturing,Danville,61832,Illinois,Central,2009-09-12,1,Development - Big Data,Development,Business Model,Noah Smith,Josh Martinez,59,1,0.71
1843,13280,2009-09-11,2009-09-01,49,7350,0.1,150,6596.56,Grant Jackson,Tesla Motors Inc.,Capital Goods,Auto Manufacturing,Danville,61832,Illinois,Central,2009-09-12,1,Consulting - Market Research,Consulting,Front End Web,Jacob Manziel,Josh Martinez,57,1,0.62
6286,44487,2009-09-11,2009-09-01,4,500,0.09,125,453.73,Helen Kimmel,Amgen Inc.,Health Care,Biotechnology: Biological Products (No Diagnostic Substances),Elmira,14901,New York,East,2009-09-12,1,Training - SQL,Training,Scala,Isabella Douglas,Allen Young,75,1,0.4
6287,44487,2009-09-11,2009-09-01,37,7400,0.03,200,7157.99,Helen Kimmel,Amgen Inc.,Health Care,Biotechnology: Biological Products (No Diagnostic Substances),Elmira,14901,New York,East,2009-09-13,2,Development - Big Data,Development,Market Research,Mia Moore,Allen Young,51,1,0.75
6329,44836,2009-09-11,2009-09-01,21,3360,0.02,160,3283.62,Tamara Gordon,Tractor Supply Company,Consumer Services,RETAIL: Building Materials,Twentynine Palms,92277,California,West,2009-09-12,1,Development - Java,Development,Business Logic,Ethan Bird,Bob Turner,60,1,0.63
7962,56901,2009-09-11,2009-09-01,36,4320,0,120,4307.96,Paul Chance,Liberty Media Corporation,Consumer Services,Broadcasting,Portage,49002,Michigan,Central,2009-09-13,2,Development - Business Logic,Development,Scala,Emma Watson,Josh Martinez,67,1,0.44
198,1313,2009-09-12,2009-09-01,34,3740,0,110,3729.67,Sally Herrera,Costco Wholesale Corporation,Consumer Services,Department/Specialty Retail Stores,Mankato,56001,Minnesota,Central,2009-09-14,2,Development - Python,Development,Database,Jayden Hamilton,Josh Martinez,71,1,0.35
1355,9888,2009-09-12,2009-09-01,48,7200,0.06,150,6749.3,Adam Wendt,Autodesk Inc.,Technology,Computer Software: Prepackaged Software,Grants Pass,97526,Oregon,West,2009-09-19,7,Consulting - Market Research,Consulting,Development,Alexander Edison,Bob Turner,70,1,0.53
5364,38145,2009-09-12,2009-09-01,33,5280,0.07,160,4896.83,Amy Brennan,Cognizant Technology Solutions Corporation,Technology,EDP Services,Watauga,76148,Texas,Central,2009-09-14,2,Development - Java,Development,Java,Olivia Sullivan,Josh Martinez,53,1,0.67
5365,38145,2009-09-12,2009-09-01,8,1000,0.01,125,987.26,Amy Brennan,Cognizant Technology Solutions Corporation,Technology,EDP Services,Watauga,76148,Texas,Central,2009-09-13,1,Training - SQL,Training,Development,Mason Gibson,Josh Martinez,71,1,0.43
5765,40928,2009-09-12,2009-09-01,4,600,0.01,150,592.36,Patrick Brooks,Liberty Global plc,Consumer Services,Television Services,Athens,30605,Georgia,South,2009-09-17,5,Consulting - Market Research,Consulting,Business Model,Alexander Edison,Frank Mitchell,70,1,0.53
5815,41221,2009-09-12,2009-09-01,4,800,0.06,200,749.92,Eugene Farry,Liberty Media Corporation,Consumer Services,Broadcasting,Channelview,77530,Texas,Central,2009-09-13,1,Development - Big Data,Development,Development,William Bufont,Josh Martinez,62,1,0.69
6980,49891,2009-09-12,2009-09-01,19,3800,0.08,200,3486.34,Darrin Ulpright,Tesla Motors Inc.,Capital Goods,Auto Manufacturing,Augusta,4330,Maine,East,2009-09-12,0,Development - Scala,Development,Python,William Bufont,Allen Young,62,1,0.69
6981,49891,2009-09-12,2009-09-01,40,6400,0,160,6382.32,Darrin Ulpright,Tesla Motors Inc.,Capital Goods,Auto Manufacturing,Wilmington,1887,MA,East,2009-09-14,2,Development - Java,Development,Business Logic,Olivia Sullivan,Allen Young,53,1,0.67
684,4772,2009-09-13,2009-09-01,28,4200,0.04,150,4020.96,Neil Gilcrest,Discovery Communications Inc.,Consumer Services,Television Services,Salisbury,28144,North Carolina,South,2009-09-14,1,Consulting - Market Research,Consulting,Market Research,Emily Taylor,Frank Mitchell,62,1,0.59
1460,10528,2009-09-13,2009-09-01,47,9400,0.02,200,9186.78,Michael Harton,VimpelCom Ltd.,Public Utilities,Telecommunications Equipment,Rock Hill,29730,South Carolina,South,2009-09-15,2,Development - Big Data,Development,Javascript,Emma Watson,Frank Mitchell,67,1,0.67
4201,29860,2009-09-13,2009-09-01,48,9600,0.08,200,8807.82,Skye Foster,Lam Research Corporation,Technology,Industrial Machinery/Components,Mandan,58554,North Dakota,Central,2009-09-16,3,Development - Big Data,Development,Development,Alexander Edison,Josh Martinez,70,1,0.65
6567,46721,2009-09-13,2009-09-01,17,2720,0.03,160,2631.18,Nick Murdock,Electronic Arts Inc.,Technology,Computer Software: Prepackaged Software,Winter Haven,33881,Florida,South,2009-09-14,1,Development - Java,Development,Python,Mason Gibson,Frank Mitchell,71,1,0.56
6568,46721,2009-09-13,2009-09-01,35,3850,0.05,110,3647.49,Nick Murdock,Electronic Arts Inc.,Technology,Computer Software: Prepackaged Software,Winter Haven,33881,Florida,South,2009-09-14,1,Development - Python,Development,Java,Michael Alister,Frank Mitchell,68,1,0.38
6569,46721,2009-09-13,2009-09-01,17,3400,0.03,200,3288.97,Nick Murdock,Electronic Arts Inc.,Technology,Computer Software: Prepackaged Software,Winter Haven,33881,Florida,South,2009-09-14,1,Development - Big Data,Development,PHP,Daniel Tusk,Frank Mitchell,45,1,0.78
1001,7269,2009-09-14,2009-09-01,29,4350,0,150,4338.2,Muhammed Kamberova,Celgene Corporation,Health Care,Major Pharmaceuticals,Oakton,22124,Virginia,South,2009-09-15,1,Consulting - Market Research,Consulting,PHP,William Bufont,Frank Mitchell,62,1,0.59
1002,7297,2009-09-14,2009-09-01,26,3250,0.03,125,3143.95,Debra Andreadi,Autodesk Inc.,Technology,Computer Software: Prepackaged Software,Bennington,5201,Vermont,East,2009-09-15,1,Training - SQL,Training,SQL,Noah Smith,Allen Young,59,1,0.53
1003,7297,2009-09-14,2009-09-01,7,1050,0.08,150,963.38,Debra Andreadi,Autodesk Inc.,Technology,Computer Software: Prepackaged Software,Ridgewood,7450,New Jersey,East,2009-09-15,1,Consulting - Business Model,Consulting,PHP,William Bufont,Allen Young,62,1,0.59
1004,7297,2009-09-14,2009-09-01,4,500,0.1,125,448.78,Debra Andreadi,Autodesk Inc.,Technology,Computer Software: Prepackaged Software,Sanford,4073,Maine,East,2009-09-15,1,Training - Javascript,Training,Business Logic,Michael Alister,Allen Young,68,1,0.46
3620,25831,2009-09-14,2009-09-01,6,900,0.01,150,888.58,Tracy Hoffman,Cerner Corporation,Technology,EDP Services,Columbia,29203,South Carolina,South,2009-09-16,2,Consulting - Market Research,Consulting,Database,Ava Wilson,Frank Mitchell,67,1,0.55
5358,38080,2009-09-14,2009-09-01,26,2860,0.08,110,2624.06,Jim Huffman,Liberty Global plc,Consumer Services,Television Services,Conroe,77301,Texas,Central,2009-09-15,1,Development - Python,Development,Big Data,Alexander Edison,Josh Martinez,70,1,0.36
2612,18855,2009-09-15,2009-09-01,31,4960,0.03,160,4798.27,Ed Leatherbury,Dollar Tree Inc.,Consumer Services,Department/Specialty Retail Stores,Roseville,95661,California,West,2009-09-18,3,Development - Java,Development,Java,Alexander Edison,Bob Turner,70,1,0.56
4996,35558,2009-09-15,2009-09-01,2,250,0.09,125,226.89,Carlos McAfee,Charter Communications Inc.,Consumer Services,Television Services,Anderson,46016,Indiana,Central,2009-09-17,2,Training - SQL,Training,Database,Michael Alister,Josh Martinez,68,1,0.46
6265,44352,2009-09-15,2009-09-01,25,3500,0.06,140,3281.16,Jeremy Carlisle,Keurig Green Mountain Inc.,Consumer Non-Durables,Packaged Foods,Bethpage,11714,New York,East,2009-09-17,2,Development - Database,Development,Java,Ethan Bird,Allen Young,60,1,0.57
6526,46437,2009-09-15,2009-09-01,49,6125,0,125,6108.54,Mick Russell,Autodesk Inc.,Technology,Computer Software: Prepackaged Software,Rock Springs,82901,Wyoming,West,2009-09-17,2,Training - SQL,Training,Java,Emily Taylor,Bob Turner,62,1,0.5
7482,53412,2009-09-15,2009-09-01,45,5625,0.02,125,5497.68,Eric DeCherney,Google Inc.,Technology,Computer Software: Programming Data Processing,Apopka,32712,Florida,South,2009-09-16,1,Training - SQL,Training,Strategy,Liam Franklin,Frank Mitchell,52,1,0.58
1438,10371,2009-09-16,2009-09-01,10,1400,0.08,140,1284.57,Melanie Mitchum,Tesla Motors Inc.,Capital Goods,Auto Manufacturing,Harker Heights,76543,Texas,Central,2009-09-18,2,Development - Front End Web,Development,Market Research,Jacob Manziel,Josh Martinez,57,1,0.59
2445,17764,2009-09-16,2009-09-01,27,2970,0.04,110,2843.61,Don Fuller,Check Point Software Technologies Ltd.,Technology,Computer Software: Prepackaged Software,Calumet City,60409,Illinois,Central,2009-09-16,0,Development - Python,Development,Business Logic,Sophia Dixon,Josh Martinez,71,1,0.35
2920,21121,2009-09-16,2009-09-01,50,8000,0,160,7978.7,Erin Eichhorn,Kraft Foods Group Inc.,Consumer Non-Durables,Packaged Foods,Auburn,36830,Alabama,South,2009-09-17,1,Development - Java,Development,Business Logic,Isabella Douglas,Frank Mitchell,75,1,0.53
3834,27330,2009-09-16,2009-09-01,8,1000,0.05,125,947.47,Mark Nockton,Monster Beverage Corporation,Consumer Non-Durables,Beverages (Production/Distribution),Warren,48093,Michigan,Central,2009-09-16,0,Training - SQL,Training,Scala,Ava Wilson,Josh Martinez,67,1,0.46
3835,27330,2009-09-16,2009-09-01,30,4500,0.05,150,4263.62,Mark Nockton,Monster Beverage Corporation,Consumer Non-Durables,Beverages (Production/Distribution),Warren,48093,Michigan,Central,2009-09-25,9,Consulting - Strategy,Consulting,Python,Emily Taylor,Josh Martinez,62,1,0.59
4901,34880,2009-09-16,2009-09-01,44,4840,0.04,110,4634.03,Philip Sorensen,O'Reilly Automotive Inc.,Consumer Services,Other Specialty Stores,La Porte,46350,Indiana,Central,2009-09-17,1,Development - Python,Development,Front End Web,Michael Alister,Josh Martinez,68,1,0.38
6207,43974,2009-09-16,2009-09-01,8,880,0.03,110,851.33,Harold McCarthy,American Airlines Group Inc.,Transportation,Air Freight/Delivery Services,South Lake Tahoe,96150,California,West,2009-09-17,1,Development - PHP,Development,Strategy,William Bufont,Bob Turner,62,1,0.44
7582,54243,2009-09-16,2009-09-01,6,750,0.07,125,695.64,Amy Brennan,Cognizant Technology Solutions Corporation,Technology,EDP Services,West Mifflin,15122,Pennsylvania,East,2009-09-16,0,Training - Javascript,Training,Market Research,Sophia Dixon,Allen Young,71,1,0.43
8093,57734,2009-09-16,2009-09-01,26,4160,0.05,160,3941.48,Dan MacKendrick,Ross Stores Inc.,Consumer Services,Clothing/Shoe/Accessory Stores,Hesperia,92345,California,West,2009-09-18,2,Development - Java,Development,Python,Madison Hill,Bob Turner,58,1,0.64
8094,57734,2009-09-16,2009-09-01,27,2970,0.1,110,2665.88,Dan MacKendrick,Ross Stores Inc.,Consumer Services,Clothing/Shoe/Accessory Stores,Hesperia,92345,California,West,2009-09-18,2,Development - PHP,Development,Market Research,Ethan Bird,Bob Turner,60,1,0.45
4145,29410,2009-09-17,2009-09-01,35,5250,0.04,150,5026.7,Linda Eaton,DIRECTV,Consumer Services,Telecommunications Equipment,Greenville,75401,Texas,Central,2009-09-17,0,Consulting - Strategy,Consulting,Java,Olivia Sullivan,Josh Martinez,53,1,0.65
4146,29410,2009-09-17,2009-09-01,36,5400,0,150,5385.75,Linda Eaton,DIRECTV,Consumer Services,Telecommunications Equipment,Greenville,75401,Texas,Central,2009-09-19,2,Consulting - Market Research,Consulting,Javascript,Daniel Tusk,Josh Martinez,45,1,0.7
4438,31619,2009-09-17,2009-09-01,11,1870,0.1,170,1678.56,Pete Hoffmann,Mylan Inc.,Health Care,Major Pharmaceuticals,Bakersfield,93309,California,West,2009-09-24,7,Development - .Net,Development,Python,Mason Gibson,Bob Turner,71,1,0.58
4439,31619,2009-09-17,2009-09-01,9,1125,0.01,125,1110.81,Pete Hoffmann,Mylan Inc.,Health Care,Major Pharmaceuticals,Bakersfield,93309,California,West,2009-09-19,2,Training - SQL,Training,Java,Michael Alister,Bob Turner,68,1,0.46
5481,38915,2009-09-17,2009-09-01,12,2040,0.08,170,1871.85,Ben Molinari,PACCAR Inc.,Capital Goods,Auto Manufacturing,Columbus,43229,Ohio,East,2009-09-18,1,Development - .Net,Development,Business Model,Olivia Sullivan,Allen Young,53,1,0.69
5482,38915,2009-09-17,2009-09-01,34,4250,0.07,125,3942.07,Ben Molinari,PACCAR Inc.,Capital Goods,Auto Manufacturing,Columbus,43229,Ohio,East,2009-09-19,2,Training - SQL,Training,Business Logic,Olivia Sullivan,Allen Young,53,1,0.58
5836,41412,2009-09-17,2009-09-01,47,7520,0.03,160,7275.16,Shahid Bixby,Intel Corporation,Technology,Semiconductors,Port Huron,48060,Michigan,Central,2009-09-19,2,Development - Java,Development,Javascript,Elizabeth Carter,Josh Martinez,52,1,0.68
2531,18371,2009-09-18,2009-09-01,30,3600,0,120,3590.59,Denise Sievert,Applied Materials Inc.,Technology,Semiconductors,Apex,27502,North Carolina,South,2009-09-18,0,Development - Business Logic,Development,Database,Ethan Bird,Frank Mitchell,60,1,0.5
2653,19204,2009-09-18,2009-09-01,27,3375,0.1,125,3029.56,Linda Eaton,DIRECTV,Consumer Services,Telecommunications Equipment,Grapevine,76051,Texas,Central,2009-09-19,1,Training - SQL,Training,Python,Mason Gibson,Josh Martinez,71,1,0.43
2654,19204,2009-09-18,2009-09-01,28,3080,0.03,110,2979.79,Linda Eaton,DIRECTV,Consumer Services,Telecommunications Equipment,Greenville,75401,Texas,Central,2009-09-20,2,Development - Python,Development,SQL,Mason Gibson,Josh Martinez,71,1,0.35
5237,37254,2009-09-18,2009-09-01,28,3080,0.01,110,3041.23,Katrina Baird,Apple Inc.,Technology,Computer Manufacturing,Appleton,54915,Wisconsin,Central,2009-09-19,1,Development - PHP,Development,Python,Isabella Douglas,Josh Martinez,75,1,0.32
6790,48385,2009-09-18,2009-09-01,16,2400,0.01,150,2369.79,Phillina Brown,The Priceline Group Inc.,Miscellaneous,Business Services,Auburn,98002,Washington,West,2009-09-20,2,Consulting - Business Model,Consulting,Big Data,Ethan Bird,Bob Turner,60,1,0.6
416,2816,2009-09-19,2009-09-01,35,4200,0,120,4189.13,Ross Hastings,Activision Blizzard Inc,Technology,Computer Software: Prepackaged Software,North Miami,33161,Florida,South,2009-09-20,1,Development - Business Logic,Development,Python,William Bufont,Frank Mitchell,62,1,0.48
659,4645,2009-09-19,2009-09-01,30,4500,0.08,150,4129.28,Clytie Dortch,Mattel Inc.,Consumer Non-Durables,Recreational Products/Toys,Tualatin,97062,Oregon,West,2009-09-19,0,Consulting - Business Model,Consulting,Python,Sophia Dixon,Bob Turner,71,1,0.53
660,4645,2009-09-19,2009-09-01,7,1190,0.05,170,1127.57,Clytie Dortch,Mattel Inc.,Consumer Non-Durables,Recreational Products/Toys,West Linn,97068,Oregon,West,2009-09-21,2,Development - .Net,Development,Python,Ava Wilson,Bob Turner,67,1,0.61
661,4645,2009-09-19,2009-09-01,11,1650,0,150,1645.73,Clytie Dortch,Mattel Inc.,Consumer Non-Durables,Recreational Products/Toys,West Linn,97068,Oregon,West,2009-09-21,2,Consulting - Compensation,Consulting,Database,Jayden Hamilton,Bob Turner,71,1,0.53
1141,8320,2009-09-19,2009-09-01,22,2420,0.06,110,2268.91,Karl Webber,Western Digital Corporation,Technology,Electronic Components,Carlsbad,92008,California,West,2009-09-21,2,Development - Python,Development,Python,Michael Alister,Bob Turner,68,1,0.38
1142,8320,2009-09-19,2009-09-01,35,5250,0.02,150,5131.68,Karl Webber,Western Digital Corporation,Technology,Electronic Components,Seymour,6478,Connecticut,East,2009-09-22,3,Consulting - Business Model,Consulting,Business Model,Jacob Manziel,Allen Young,57,1,0.62
3041,21831,2009-09-19,2009-09-01,6,1200,0.05,200,1137.05,Pauline MacIntyre,Monster Beverage Corporation,Consumer Non-Durables,Beverages (Production/Distribution),Roswell,88201,New Mexico,West,2009-09-19,0,Development - Scala,Development,PHP,Abigail Young,Bob Turner,50,1,0.75
7605,54436,2009-09-19,2009-09-01,17,2550,0.04,150,2441.66,Toby Payne,Altera Corporation,Technology,Semiconductors,Tallahassee,32303,Florida,South,2009-09-19,0,Consulting - Business Model,Consulting,Business Logic,Emma Watson,Frank Mitchell,67,1,0.55
7606,54436,2009-09-19,2009-09-01,37,5550,0,150,5535.63,Toby Payne,Altera Corporation,Technology,Semiconductors,Tallahassee,32303,Florida,South,2009-09-20,1,Consulting - Business Model,Consulting,Java,Ethan Bird,Frank Mitchell,60,1,0.6
7639,54694,,2009-09-01,43,4730,0.08,110,4340.34,Jonathan Phelps,NXP Semiconductors N.V.,Technology,Semiconductors,Frisco,75034,Texas,Central,2009-09-19,0,Development - PHP,Development,Business Logic,Ethan Bird,Josh Martinez,60,1,0.45
8296,59238,2009-09-19,2009-09-01,11,1320,0.03,120,1277.09,Paul Hazard,Lam Research Corporation,Technology,Industrial Machinery/Components,Brentwood,37027,Tennessee,South,2009-09-20,1,Development - Business Logic,Development,Business Model,Liam Franklin,Frank Mitchell,52,1,0.57
87,548,2009-09-20,2009-09-01,41,8200,0.04,200,7851.82,Sung Fox,Regeneron Pharmaceuticals Inc.,Health Care,Major Pharmaceuticals,Murray,42071,Kentucky,South,2009-09-21,1,Development - Scala,Development,Python,Ava Wilson,Frank Mitchell,67,1,0.67
88,548,2009-09-20,2009-09-01,29,3190,0.02,110,3118.19,Sung Fox,Regeneron Pharmaceuticals Inc.,Health Care,Major Pharmaceuticals,Murray,42071,Kentucky,South,2009-09-21,1,Development - Python,Development,Big Data,Emily Taylor,Frank Mitchell,62,1,0.44
89,548,2009-09-20,2009-09-01,26,3900,0.04,150,3734.4,Sung Fox,Regeneron Pharmaceuticals Inc.,Health Care,Major Pharmaceuticals,Murray,42071,Kentucky,South,2009-09-22,2,Consulting - Market Research,Consulting,Python,Emily Taylor,Frank Mitchell,62,1,0.59
150,960,2009-09-20,2009-09-01,46,5750,0.07,125,5333.79,Jim Paige,Kraft Foods Group Inc.,Consumer Non-Durables,Packaged Foods,Fairborn,45324,Ohio,East,2009-09-21,1,Training - SQL,Training,Java,Elizabeth Carter,Allen Young,52,1,0.58
6882,49059,2009-09-20,2009-09-01,48,9600,0.09,200,8713.61,Christina Rozendal,Twenty-First Century Fox Inc.,Consumer Services,Television Services,Ottumwa,52501,Iowa,Central,2009-09-22,2,Development - Scala,Development,Business Logic,Jayden Hamilton,Josh Martinez,71,1,0.65
6883,49059,2009-09-20,2009-09-01,5,550,0.02,110,537.62,Christina Rozendal,Twenty-First Century Fox Inc.,Consumer Services,Television Services,Ottumwa,52501,Iowa,Central,2009-09-21,1,Development - Python,Development,Java,Elizabeth Carter,Josh Martinez,52,1,0.53
842,6020,2009-09-21,2009-09-01,23,4600,0.09,200,4175.37,Arianne Norris,KLA-Tencor Corporation,Capital Goods,Electronic Components,Maryville,37804,Tennessee,South,2009-09-23,2,Development - Scala,Development,SQL,Madison Hill,Frank Mitchell,58,1,0.71
1859,13378,2009-09-21,2009-09-01,16,2240,0.05,140,2122.6,Paul Brittain,Linear Technology Corporation,Technology,Semiconductors,Merrimack,3054,New Hampshire,East,2009-09-26,5,Development - Front End Web,Development,Market Research,Ava Wilson,Allen Young,67,1,0.52
5841,41440,2009-09-22,2009-09-01,20,4000,0.09,200,3630.85,Alejandro O'Connell,CA Inc.,Technology,Computer Software: Prepackaged Software,Vacaville,95687,California,West,2009-09-23,1,Development - Scala,Development,Python,Sophia Dixon,Bob Turner,71,1,0.65
5842,41440,2009-09-22,2009-09-01,19,2375,0.01,125,2345.34,Alejandro O'Connell,CA Inc.,Technology,Computer Software: Prepackaged Software,Vacaville,95687,California,West,2009-09-25,3,Training - Javascript,Training,Business Logic,Ethan Bird,Bob Turner,60,1,0.52
6885,49088,2009-09-23,2009-09-01,16,2400,0.03,150,2322.21,Kristina Willman,Check Point Software Technologies Ltd.,Technology,Computer Software: Prepackaged Software,Detroit,48227,Michigan,Central,2009-09-24,1,Consulting - Business Model,Consulting,Python,William Bufont,Josh Martinez,62,1,0.59
6886,49088,2009-09-23,2009-09-01,15,3000,0.05,200,2842.91,Kristina Willman,Check Point Software Technologies Ltd.,Technology,Computer Software: Prepackaged Software,Detroit,48227,Michigan,Central,2009-09-24,1,Development - Big Data,Development,Java,William Bufont,Josh Martinez,62,1,0.69
6887,49088,2009-09-23,2009-09-01,31,3410,0.06,110,3197.42,Kristina Willman,Check Point Software Technologies Ltd.,Technology,Computer Software: Prepackaged Software,East Lansing,48823,Michigan,Central,2009-09-25,2,Development - Python,Development,.Net,Isabella Douglas,Josh Martinez,75,1,0.32
6954,49735,2009-09-23,2009-09-01,32,5440,0.04,170,5209.4,Mitch Thornton,Baidu Inc.,Technology,Computer Software: Programming Data Processing,Savannah,31401,Georgia,South,2009-09-24,1,Development - .Net,Development,Javascript,Abigail Young,Frank Mitchell,50,1,0.71
7452,53153,2009-09-23,2009-09-01,29,4930,0.1,170,4425.96,Paul Hazard,Lam Research Corporation,Technology,Industrial Machinery/Components,Bartlett,38134,Tennessee,South,2009-09-24,1,Development - .Net,Development,Business Logic,Michael Alister,Frank Mitchell,68,1,0.6
7709,55265,2009-09-23,2009-09-01,39,5850,0.06,150,5485.31,Scot Moffitt,Fastenal Company,Consumer Services,RETAIL: Building Materials,Neenah,54956,Wisconsin,Central,2009-09-28,5,Consulting - Market Research,Consulting,Javascript,Emily Taylor,Josh Martinez,62,1,0.59
652,4583,2009-09-24,2009-09-01,44,5500,0.07,125,5102.4,Maxwell O'Connel,Seagate Technology.,Technology,Electronic Components,New Bern,28560,North Carolina,South,2009-09-26,2,Training - Development,Training,Business Logic,Noah Smith,Frank Mitchell,59,1,0.53
3980,28420,2009-09-24,2009-09-01,2,220,0.08,110,201.9,Bill McGarr,SanDisk Corporation,Technology,Electronic Components,Kearney,68847,Nebraska,Central,2009-09-24,0,Development - PHP,Development,Business Model,Abigail Young,Josh Martinez,50,1,0.55
