8034,57382,2009-03-23,2009-03-01,25,4000,0.09,160,3614.27,George Barnes,Sirius XM Holdings Inc.,Consumer Services,Broadcasting,Lufkin,75901,Texas,Central,2009-03-25,2,Development - Java,Development,.Net,Madison Hill,Josh Martinez,58,1,0.64
8035,57382,2009-03-23,2009-03-01,45,4950,0.07,110,4570.96,George Barnes,Sirius XM Holdings Inc.,Consumer Services,Broadcasting,Mansfield,76063,Texas,Central,2009-03-25,2,Development - PHP,Development,Market Research,Olivia Sullivan,Josh Martinez,53,1,0.52
4562,32451,2009-03-24,2009-03-01,42,6720,0.1,160,6005.4,Nat Lloyd,C.H. Robinson Worldwide Inc.,Transportation,Oil Refining/Marketing,Killeen,76541,Texas,Central,2009-03-25,1,Development - Java,Development,Front End Web,Elizabeth Carter,Josh Martinez,52,1,0.68
5313,37794,2009-03-24,2009-03-01,6,750,0.08,125,685.14,Michael Goranitis,Whole Foods Market Inc.,Consumer Services,Food Chains,Lehigh Acres,33971,Florida,South,2009-03-26,2,Training - SQL,Training,Java,Noah Smith,Frank Mitchell,59,1,0.53
5314,37794,2009-03-24,2009-03-01,32,6400,0.03,200,6164.27,Michael Goranitis,Whole Foods Market Inc.,Consumer Services,Food Chains,Lehigh Acres,33971,Florida,South,2009-03-28,4,Development - Big Data,Development,Python,Jacob Manziel,Frank Mitchell,57,1,0.72
5451,38721,2009-03-24,2009-03-01,17,2125,0.1,125,1899.03,Troy Hwang,Costco Wholesale Corporation,Consumer Services,Department/Specialty Retail Stores,Natick,1760,MA,East,2009-03-26,2,Training - SQL,Training,Java,Emily Taylor,Allen Young,62,1,0.5
5452,38721,2009-03-24,2009-03-01,15,1650,0.05,110,1556.46,Troy Hwang,Costco Wholesale Corporation,Consumer Services,Department/Specialty Retail Stores,Sandwich,2563,MA,East,2009-03-25,1,Development - PHP,Development,Java,Sophia Dixon,Allen Young,71,1,0.35
8039,57415,2009-03-24,2009-03-01,6,1200,0.02,200,1167.72,Tamara Turnell,Seagate Technology.,Technology,Electronic Components,Pflugerville,78660,Texas,Central,2009-03-25,1,Development - Big Data,Development,Python,Abigail Young,Josh Martinez,50,1,0.75
8200,58628,2009-03-24,2009-03-01,23,2875,0.09,125,2597.82,Dionis Stewart,Celgene Corporation,Health Care,Major Pharmaceuticals,Coram,11727,New York,East,2009-03-25,1,Training - Javascript,Training,SQL,William Bufont,Allen Young,62,1,0.5
54,323,2009-03-25,2009-03-01,20,2200,0.07,110,2031.64,Dario Wiediger,Stericycle Inc.,Basic Industries,Environmental Services,Scottsdale,85254,Arizona,West,2009-03-27,2,Development - PHP,Development,Business Logic,Sophia Dixon,Bob Turner,71,1,0.35
55,323,2009-03-25,2009-03-01,2,220,0.06,110,205.35,Dario Wiediger,Stericycle Inc.,Basic Industries,Environmental Services,Scottsdale,85254,Arizona,West,2009-03-27,2,Development - Python,Development,Market Research,Olivia Sullivan,Bob Turner,53,1,0.52
275,1892,2009-03-25,2009-03-01,47,7520,0.05,160,7093.86,Joe Schnelling,Lam Research Corporation,Technology,Industrial Machinery/Components,Levittown,19057,Pennsylvania,East,2009-03-29,4,Development - Java,Development,Python,Abigail Young,Allen Young,50,1,0.69
276,1892,2009-03-25,2009-03-01,9,990,0.01,110,973.22,Joe Schnelling,Lam Research Corporation,Technology,Industrial Machinery/Components,Levittown,19057,Pennsylvania,East,2009-03-25,0,Development - Python,Development,.Net,Daniel Tusk,Allen Young,45,1,0.59
1400,10148,2009-03-25,2009-03-01,27,3375,0.02,125,3284.29,Christopher Brandow,Illumina Inc.,Capital Goods,Biotechnology: Laboratory Analytical Instruments,Thornton,80229,Colorado,West,2009-03-25,0,Training - Tableau,Training,Python,Jayden Hamilton,Bob Turner,71,1,0.43
5430,38565,2009-03-25,2009-03-01,20,2500,0.01,125,2457.63,Justin Carroll,Tractor Supply Company,Consumer Services,RETAIL: Building Materials,Cedar Rapids,52402,Iowa,Central,2009-03-27,2,Training - SQL,Training,Javascript,Elizabeth Carter,Josh Martinez,52,1,0.58
7182,51266,2009-03-25,2009-03-01,11,1650,0.04,150,1572.88,Michael Harton,VimpelCom Ltd.,Public Utilities,Telecommunications Equipment,Summerville,29483,South Carolina,South,2009-03-27,2,Consulting - Strategy,Consulting,Python,Alexander Edison,Frank Mitchell,70,1,0.53
7183,51266,2009-03-25,2009-03-01,30,3300,0.01,110,3244.07,Michael Harton,VimpelCom Ltd.,Public Utilities,Telecommunications Equipment,Summerville,29483,South Carolina,South,2009-03-25,0,Development - Python,Development,Javascript,Ethan Bird,Frank Mitchell,60,1,0.45
7184,51266,2009-03-25,2009-03-01,23,2530,0.03,110,2436.88,Michael Harton,VimpelCom Ltd.,Public Utilities,Telecommunications Equipment,Summerville,29483,South Carolina,South,2009-03-26,1,Development - Python,Development,Business Model,Ava Wilson,Frank Mitchell,67,1,0.39
7185,51266,2009-03-25,2009-03-01,46,5520,0.05,120,5207.19,Michael Harton,VimpelCom Ltd.,Public Utilities,Telecommunications Equipment,Summerville,29483,South Carolina,South,2009-03-27,2,Development - Business Logic,Development,SQL,Alexander Edison,Frank Mitchell,70,1,0.42
540,3653,2009-03-26,2009-03-01,41,4920,0.08,120,4494.74,Lynn Degenhardt,KLA-Tencor Corporation,Capital Goods,Electronic Components,Norfolk,23518,Virginia,South,2009-03-28,2,Development - Business Logic,Development,Business Model,Abigail Young,Frank Mitchell,50,1,0.58
4376,31174,2009-03-26,2009-03-01,20,3400,0.07,170,3139.89,Muhammed Kamberova,Celgene Corporation,Health Care,Major Pharmaceuticals,Portsmouth,23701,Virginia,South,2009-03-26,0,Development - .Net,Development,Business Model,Mason Gibson,Frank Mitchell,71,1,0.58
4377,31174,2009-03-26,2009-03-01,29,4640,0.03,160,4469.32,Muhammed Kamberova,Celgene Corporation,Health Care,Major Pharmaceuticals,Portsmouth,23701,Virginia,South,2009-03-29,3,Development - Java,Development,SQL,Olivia Sullivan,Frank Mitchell,53,1,0.67
6523,46407,2009-03-26,2009-03-01,7,1120,0.1,160,1000.95,Rick Webber,Verisk Analytics Inc.,Technology,EDP Services,Dublin,94568,California,West,2009-03-28,2,Development - Java,Development,Python,Alexander Edison,Bob Turner,70,1,0.56
7227,51554,2009-03-26,2009-03-01,7,1190,0.05,170,1122.59,Liz Greer,Twenty-First Century Fox Inc.,Consumer Services,Television Services,Indian Trail,28079,North Carolina,South,2009-03-28,2,Development - .Net,Development,Python,Olivia Sullivan,Frank Mitchell,53,1,0.69
7228,51554,2009-03-26,2009-03-01,29,5800,0.09,200,5241.09,Liz Greer,Twenty-First Century Fox Inc.,Consumer Services,Television Services,Indian Trail,28079,North Carolina,South,2009-03-27,1,Development - Big Data,Development,Python,William Bufont,Frank Mitchell,62,1,0.69
3000,21633,2009-03-27,2009-03-01,29,3625,0.08,125,3311.76,Keith Beeghly,Altera Corporation,Technology,Semiconductors,North Little Rock,72113,Arkansas,South,2009-03-28,1,Training - SQL,Training,Development,Elizabeth Carter,Frank Mitchell,52,1,0.58
3145,22562,2009-03-27,2009-03-01,46,6900,0.08,150,6303.76,Jennifer Lee,Facebook Inc.,Technology,Computer Software: Programming Data Processing,Glen Cove,11542,New York,East,2009-03-29,2,Consulting - Strategy,Consulting,Market Research,Liam Franklin,Allen Young,52,1,0.65
3146,22562,2009-03-27,2009-03-01,31,3410,0.1,110,3047.61,Jennifer Lee,Facebook Inc.,Technology,Computer Software: Programming Data Processing,Glen Cove,11542,New York,East,2009-03-29,2,Development - Python,Development,.Net,Noah Smith,Allen Young,59,1,0.46
3147,22562,2009-03-27,2009-03-01,3,600,0,200,595.82,Jennifer Lee,Facebook Inc.,Technology,Computer Software: Programming Data Processing,Glen Cove,11542,New York,East,2009-03-28,1,Development - Big Data,Development,Python,Michael Alister,Allen Young,68,1,0.66
3970,28354,2009-03-27,2009-03-01,34,5100,0.1,150,4558.01,Dave Hackney,Vodafone Group Plc,Public Utilities,Telecommunications Equipment,Redlands,92374,California,West,2009-04-01,5,Consulting - Business Model,Consulting,Business Model,Abigail Young,Bob Turner,50,1,0.67
4613,32869,2009-03-27,2009-03-01,41,6150,0.06,150,5740.71,Christopher Swint,Intel Corporation,Technology,Semiconductors,Crown Point,46307,Indiana,Central,2009-03-28,1,Consulting - Business Model,Consulting,Compensation,Emma Watson,Josh Martinez,67,1,0.55
4614,32869,2009-03-27,2009-03-01,49,6125,0.05,125,5778.2,Christopher Swint,Intel Corporation,Technology,Semiconductors,Crown Point,46307,Indiana,Central,2009-03-28,1,Training - SQL,Training,Python,Olivia Sullivan,Josh Martinez,53,1,0.58
4615,32869,2009-03-27,2009-03-01,2,240,0.01,120,235.94,Christopher Swint,Intel Corporation,Technology,Semiconductors,Crown Point,46307,Indiana,Central,2009-03-28,1,Development - Business Logic,Development,Business Model,Isabella Douglas,Josh Martinez,75,1,0.38
4616,32869,2009-03-27,2009-03-01,39,5850,0.1,150,5228.31,Christopher Swint,Intel Corporation,Technology,Semiconductors,East Chicago,46312,Indiana,Central,2009-03-28,1,Consulting - Market Research,Consulting,Strategy,Olivia Sullivan,Josh Martinez,53,1,0.65
4685,33319,2009-03-27,2009-03-01,11,1375,0.01,125,1351.76,Don Shami,C.H. Robinson Worldwide Inc.,Transportation,Oil Refining/Marketing,Bethlehem,18018,Pennsylvania,East,2009-03-30,3,Training - Development,Training,Python,Madison Hill,Allen Young,58,1,0.54
5612,39750,2009-03-27,2009-03-01,7,1050,0.01,150,1032.26,Adam Wendt,Autodesk Inc.,Technology,Computer Software: Prepackaged Software,Grants Pass,97526,Oregon,West,2009-03-28,1,Consulting - Strategy,Consulting,Business Model,William Bufont,Bob Turner,62,1,0.59
7120,50816,2009-03-27,2009-03-01,25,4250,0.07,170,3924.96,Anthony Phan,Illumina Inc.,Capital Goods,Biotechnology: Laboratory Analytical Instruments,Newton,50208,Iowa,Central,2009-03-29,2,Development - .Net,Development,Market Research,Sophia Dixon,Josh Martinez,71,1,0.58
7121,50816,2009-03-27,2009-03-01,26,4160,0.03,160,4007.08,Anthony Phan,Illumina Inc.,Capital Goods,Biotechnology: Laboratory Analytical Instruments,Newton,50208,Iowa,Central,2009-03-29,2,Development - Java,Development,Business Model,Mason Gibson,Josh Martinez,71,1,0.56
7122,50816,2009-03-27,2009-03-01,6,900,0.01,150,884.79,Anthony Phan,Illumina Inc.,Capital Goods,Biotechnology: Laboratory Analytical Instruments,Newton,50208,Iowa,Central,2009-03-29,2,Consulting - Business Model,Consulting,Market Research,Isabella Douglas,Josh Martinez,75,1,0.5
7544,53953,2009-03-27,2009-03-01,36,3960,0.07,110,3657.14,Heather Schneider,Akamai Technologies Inc.,Miscellaneous,Business Services,Bay City,48708,Michigan,Central,2009-03-28,1,Development - Python,Development,Development,Mia Moore,Josh Martinez,51,1,0.54
306,2144,2009-03-28,2009-03-01,40,6000,0.08,150,5481.67,Jonathan Akin,NVIDIA Corporation,Technology,Semiconductors,Gastonia,28052,North Carolina,South,2009-03-28,0,Consulting - Market Research,Consulting,Business Logic,Madison Hill,Frank Mitchell,58,1,0.61
642,4516,2009-03-28,2009-03-01,42,4620,0.05,110,4358.52,Ryan Johnson,Charter Communications Inc.,Consumer Services,Television Services,North Miami Beach,33160,Florida,South,2009-03-29,1,Development - Python,Development,Big Data,Jayden Hamilton,Frank Mitchell,71,1,0.35
1294,9478,2009-03-28,2009-03-01,48,6000,0.04,125,5720,Philip Sorensen,O'Reilly Automotive Inc.,Consumer Services,Other Specialty Stores,Rapid City,57701,South Dakota,Central,2009-03-29,1,Training - SQL,Training,Tableau,Mason Gibson,Josh Martinez,71,1,0.43
1295,9478,2009-03-28,2009-03-01,48,5280,0.08,110,4823.87,Philip Sorensen,O'Reilly Automotive Inc.,Consumer Services,Other Specialty Stores,Rapid City,57701,South Dakota,Central,2009-03-30,2,Development - Python,Development,Scala,Olivia Sullivan,Josh Martinez,53,1,0.52
6789,48357,2009-03-28,2009-03-01,16,2400,0.04,150,2288,Eileen Lonsdale,Express Scripts Holding Company,Health Care,Medical/Nursing Services,Weatherford,76086,Texas,Central,2009-03-28,0,Consulting - Strategy,Consulting,Front End Web,Michael Alister,Josh Martinez,68,1,0.55
7373,52576,2009-03-28,2009-03-01,10,1500,0.03,150,1444.9,Tony Lucas,Celgene Corporation,Health Care,Major Pharmaceuticals,Selma,36701,Alabama,South,2009-03-28,0,Consulting - Strategy,Consulting,Market Research,Alexander Edison,Frank Mitchell,70,1,0.53
8131,58116,2009-03-28,2009-03-01,6,750,0.01,125,737.34,Nick Saunders,eBay Inc.,Miscellaneous,Business Services,Tucker,30084,Georgia,South,2009-03-29,1,Training - Development,Training,Business Model,Ethan Bird,Frank Mitchell,60,1,0.52
2254,16229,2009-03-29,2009-03-01,27,4050,0.04,150,3861.1,Nora Airdo,Twenty-First Century Fox Inc.,Consumer Services,Television Services,Apple Valley,92307,California,West,2009-03-30,1,Consulting - Business Model,Consulting,Big Data,Noah Smith,Bob Turner,59,1,0.61
2255,16229,2009-03-29,2009-03-01,19,2850,0.05,150,2688.77,Nora Airdo,Twenty-First Century Fox Inc.,Consumer Services,Television Services,Bangor,4401,Maine,East,2009-03-31,2,Consulting - Market Research,Consulting,Business Model,Mason Gibson,Allen Young,71,1,0.53
6891,49125,2009-03-29,2009-03-01,29,3190,0.05,110,3009.53,Edward Weien,Electronic Arts Inc.,Technology,Computer Software: Prepackaged Software,Farmers Branch,75234,Texas,Central,2009-03-31,2,Development - Python,Development,Tableau,Michael Alister,Josh Martinez,68,1,0.38
8208,58688,2009-03-29,2009-03-01,18,2160,0.08,120,1973.45,Grant Jackson,Tesla Motors Inc.,Capital Goods,Auto Manufacturing,Des Plaines,60016,Illinois,Central,2009-03-31,2,Development - Business Logic,Development,Strategy,Ethan Bird,Josh Martinez,60,1,0.5
437,2915,2009-03-30,2009-03-01,41,4920,0.07,120,4544.06,Tim Trevino,Adobe Systems Incorporated,Technology,Computer Software: Prepackaged Software,Rexburg,83440,Idaho,West,2009-04-03,4,Development - Business Logic,Development,Business Logic,Alexander Edison,Bob Turner,70,1,0.42
438,2915,2009-03-30,2009-03-01,23,3450,0.01,150,3391.95,Tim Trevino,Adobe Systems Incorporated,Technology,Computer Software: Prepackaged Software,Twin Falls,83301,Idaho,West,2009-04-04,5,Consulting - Business Model,Consulting,Development,Michael Alister,Bob Turner,68,1,0.55
1515,10949,2009-03-30,2009-03-01,46,6900,0.1,150,6167.19,Ashley Wiener,Lam Research Corporation,Technology,Industrial Machinery/Components,Forest Park,30297,Georgia,South,2009-03-31,1,Consulting - Strategy,Consulting,PHP,Jacob Manziel,Frank Mitchell,57,1,0.62
3166,22755,2009-03-30,2009-03-01,35,5600,0,160,5561.39,Fred Overcash,O'Reilly Automotive Inc.,Consumer Services,Other Specialty Stores,Colorado Springs,80906,Colorado,West,2009-03-31,1,Development - Java,Development,Market Research,Abigail Young,Bob Turner,50,1,0.69
3167,22755,2009-03-30,2009-03-01,45,7200,0.04,160,6864.35,Fred Overcash,O'Reilly Automotive Inc.,Consumer Services,Other Specialty Stores,Commerce City,80022,Colorado,West,2009-04-01,2,Development - Java,Development,Business Model,Ava Wilson,Bob Turner,67,1,0.58
3168,22755,2009-03-30,2009-03-01,5,750,0.06,150,700.14,Fred Overcash,O'Reilly Automotive Inc.,Consumer Services,Other Specialty Stores,Commerce City,80022,Colorado,West,2009-04-01,2,Consulting - Market Research,Consulting,Business Model,Liam Franklin,Bob Turner,52,1,0.65
5324,37859,2009-03-30,2009-03-01,2,220,0.01,110,216.3,Tom Lampkin,Bed Bath & Beyond Inc.,Consumer Services,Home Furnishings,Rotterdam,12306,New York,East,2009-04-01,2,Development - Python,Development,Strategy,Ethan Bird,Allen Young,60,1,0.45
4086,29127,2009-03-31,2009-03-01,18,2160,0.06,120,2016.45,Thea Clark,Verisk Analytics Inc.,Technology,EDP Services,Jupiter,33458,Florida,South,2009-04-02,2,Development - Business Logic,Development,SQL,Emily Taylor,Frank Mitchell,62,1,0.48
6324,44772,2009-03-31,2009-03-01,1,150,0.07,150,138.54,Dorothy Deggeller,Comcast Corporation,Consumer Services,Television Services,Springfield,62701,Illinois,Central,2009-04-02,2,Consulting - Market Research,Consulting,Python,William Bufont,Josh Martinez,62,1,0.59
6748,48035,2009-03-31,2009-03-01,8,1200,0.09,150,1084.5,Liz Greer,Twenty-First Century Fox Inc.,Consumer Services,Television Services,Indian Trail,28079,North Carolina,South,2009-04-01,1,Consulting - Market Research,Consulting,Javascript,Ethan Bird,Frank Mitchell,60,1,0.6
1139,8295,2009-04-01,2009-04-01,30,4500,0.09,150,4066.97,Karen Garverick,Vertex Pharmaceuticals Incorporated,Health Care,Major Pharmaceuticals,Enterprise,36330,Alabama,South,2009-04-03,2,Consulting - Market Research,Consulting,Python,Olivia Sullivan,Frank Mitchell,53,1,0.65
1140,8295,2009-04-01,2009-04-01,7,1050,0.01,150,1032.39,Karen Garverick,Vertex Pharmaceuticals Incorporated,Health Care,Major Pharmaceuticals,Enterprise,36330,Alabama,South,2009-04-02,1,Consulting - Market Research,Consulting,Python,William Bufont,Frank Mitchell,62,1,0.59
1517,10978,2009-04-01,2009-04-01,9,1125,0.06,125,1050.26,Toby Seio,Alexion Pharmaceuticals Inc.,Health Care,Major Pharmaceuticals,Gallatin,37066,Tennessee,South,2009-04-02,1,Training - Development,Training,Business Logic,Emma Watson,Frank Mitchell,67,1,0.46
2447,17795,2009-04-01,2009-04-01,1,170,0.06,170,158.71,Troy Hwang,Costco Wholesale Corporation,Consumer Services,Department/Specialty Retail Stores,New London,6320,Connecticut,East,2009-04-03,2,Development - .Net,Development,Big Data,Elizabeth Carter,Allen Young,52,1,0.69
5949,42242,2009-04-01,2009-04-01,23,3680,0.09,160,3325.88,Thomas Weimer,Wynn Resorts Limited,Consumer Services,Hotels/Resorts,Sun Prairie,53590,Wisconsin,Central,2009-04-02,1,Development - Java,Development,Market Research,Elizabeth Carter,Josh Martinez,52,1,0.68
5950,42242,2009-04-01,2009-04-01,15,2250,0.1,150,2011.14,Thomas Weimer,Wynn Resorts Limited,Consumer Services,Hotels/Resorts,Sun Prairie,53590,Wisconsin,Central,2009-04-02,1,Consulting - Business Model,Consulting,Market Research,Isabella Douglas,Josh Martinez,75,1,0.5
5951,42242,2009-04-01,2009-04-01,23,3450,0.07,150,3186.54,Thomas Weimer,Wynn Resorts Limited,Consumer Services,Hotels/Resorts,Sun Prairie,53590,Wisconsin,Central,2009-04-02,1,Consulting - Strategy,Consulting,SQL,Abigail Young,Josh Martinez,50,1,0.67
400,2754,2009-04-02,2009-04-01,16,2720,0.04,170,2593.39,Philip Sorensen,O'Reilly Automotive Inc.,Consumer Services,Other Specialty Stores,Lakewood,44107,Ohio,East,2009-04-04,2,Development - .Net,Development,Business Logic,Emma Watson,Allen Young,67,1,0.61
401,2754,2009-04-02,2009-04-01,11,1210,0.09,110,1093.59,Philip Sorensen,O'Reilly Automotive Inc.,Consumer Services,Other Specialty Stores,Lakewood,44107,Ohio,East,2009-04-04,2,Development - Python,Development,Business Model,Olivia Sullivan,Allen Young,53,1,0.52
3203,22978,2009-04-02,2009-04-01,28,3500,0.03,125,3371.85,Anthony Carroll,Garmin Ltd.,Capital Goods,Industrial Machinery/Components,Mint Hill,28227,North Carolina,South,2009-04-03,1,Training - Development,Training,Database,Michael Alister,Frank Mitchell,68,1,0.46
6817,48518,2009-04-02,2009-04-01,17,1870,0.1,110,1671.52,Scot Moffitt,Fastenal Company,Consumer Services,RETAIL: Building Materials,Milwaukee,53209,Wisconsin,Central,2009-04-04,2,Development - Python,Development,Strategy,Michael Alister,Josh Martinez,68,1,0.38
7464,53281,2009-04-02,2009-04-01,40,5000,0.08,125,4568.63,Philip Sorensen,O'Reilly Automotive Inc.,Consumer Services,Other Specialty Stores,Lake Jackson,77566,Texas,Central,2009-04-04,2,Training - Development,Training,.Net,Elizabeth Carter,Josh Martinez,52,1,0.58
6241,44225,2009-04-03,2009-04-01,29,3625,0,125,3600.37,Nora Stevenson,Gilead Sciences Inc.,Health Care,Biotechnology: Biological Products (No Diagnostic Substances),Rye,10580,New York,East,2009-04-05,2,Training - SQL,Training,Python,Sophia Dixon,Allen Young,71,1,0.43
1950,13959,2009-04-04,2009-04-01,47,9400,0.01,200,9243,Alex Grayson,C.H. Robinson Worldwide Inc.,Transportation,Oil Refining/Marketing,Lake Oswego,97035,Oregon,West,2009-04-06,2,Development - Scala,Development,Market Research,Michael Alister,Bob Turner,68,1,0.66
1951,13959,2009-04-04,2009-04-01,19,2090,0.09,110,1889.02,Alex Grayson,C.H. Robinson Worldwide Inc.,Transportation,Oil Refining/Marketing,Lake Oswego,97035,Oregon,West,2009-04-06,2,Development - Python,Development,SQL,Alexander Edison,Bob Turner,70,1,0.36
3114,22371,2009-04-04,2009-04-01,8,1280,0,160,1271.33,Phillip West,Liberty Interactive Corporation,Consumer Services,Catalog/Specialty Distribution,Plainview,11803,New York,East,2009-04-05,1,Development - Java,Development,Java,Jacob Manziel,Allen Young,57,1,0.64
3573,25475,2009-04-04,2009-04-01,49,5390,0.06,110,5032.3,Lena Wener,Discovery Communications Inc.,Consumer Services,Television Services,Council Bluffs,51503,Iowa,Central,2009-04-04,0,Development - Python,Development,PHP,Madison Hill,Josh Martinez,58,1,0.47
6028,42693,2009-04-04,2009-04-01,33,6600,0.01,200,6489.77,Dave Norling,Viacom Inc.,Consumer Services,Television Services,Wheeling,26003,West Virginia,East,2009-04-06,2,Development - Big Data,Development,Database,Jayden Hamilton,Allen Young,71,1,0.65
6525,46436,2009-04-04,2009-04-01,46,6900,0,150,6853.29,Odella Tron,Keurig Green Mountain Inc.,Consumer Non-Durables,Packaged Foods,York,17403,Pennsylvania,East,2009-04-11,7,Consulting - Market Research,Consulting,Market Research,Ethan Bird,Allen Young,60,1,0.6
1923,13765,2009-04-05,2009-04-01,45,5400,0.1,120,4827.22,Scot Fine,Facebook Inc.,Technology,Computer Software: Programming Data Processing,Van Buren,72956,Arkansas,South,2009-04-07,2,Development - Business Logic,Development,Market Research,Elizabeth Carter,Frank Mitchell,52,1,0.57
5117,36452,2009-04-05,2009-04-01,26,4160,0.1,160,3718.75,Eudokia Schmidt,Liberty Global plc,Consumer Services,Television Services,Leander,78641,Texas,Central,2009-04-06,1,Development - Java,Development,PHP,Ethan Bird,Josh Martinez,60,1,0.63
5118,36452,2009-04-05,2009-04-01,18,2250,0.04,125,2145.43,Eudokia Schmidt,Liberty Global plc,Consumer Services,Television Services,Leander,78641,Texas,Central,2009-04-07,2,Training - SQL,Training,Python,Abigail Young,Josh Martinez,50,1,0.6
7006,50016,2009-04-05,2009-04-01,15,2250,0.05,150,2123.08,Harold McCarthy,American Airlines Group Inc.,Transportation,Air Freight/Delivery Services,Taylors,29687,South Carolina,South,2009-04-07,2,Consulting - Market Research,Consulting,Javascript,Mia Moore,Frank Mitchell,51,1,0.66
820,5921,2009-04-06,2009-04-01,27,5400,0.01,200,5310.08,Maurice Cunningham,Sirius XM Holdings Inc.,Consumer Services,Broadcasting,Lakeland,33801,Florida,South,2009-04-13,7,Development - Big Data,Development,.Net,Emily Taylor,Frank Mitchell,62,1,0.69
1501,10851,2009-04-06,2009-04-01,50,7000,0.09,140,6327.19,Jenna Nguyen,Expeditors International of Washington Inc.,Transportation,Oil Refining/Marketing,Highland,46322,Indiana,Central,2009-04-06,0,Development - Front End Web,Development,Development,Ava Wilson,Josh Martinez,67,1,0.52
1502,10851,2009-04-06,2009-04-01,14,2100,0.02,150,2044.17,Jenna Nguyen,Expeditors International of Washington Inc.,Transportation,Oil Refining/Marketing,Lancaster,17602,Pennsylvania,East,2009-04-07,1,Consulting - Market Research,Consulting,SQL,Noah Smith,Allen Young,59,1,0.61
1973,14114,2009-04-06,2009-04-01,29,4060,0.03,140,3911.74,Dave Blackwell,Verisk Analytics Inc.,Technology,EDP Services,Augusta,4330,Maine,East,2009-04-06,0,Development - Database,Development,Business Model,Jacob Manziel,Allen Young,57,1,0.59
1974,14114,2009-04-06,2009-04-01,38,4750,0.01,125,4670.9,Dave Blackwell,Verisk Analytics Inc.,Technology,EDP Services,Old Bridge,8857,New Jersey,East,2009-04-08,2,Training - Tableau,Training,Strategy,Emily Taylor,Allen Young,62,1,0.5
1975,14114,2009-04-06,2009-04-01,41,5125,0.05,125,4836.03,Dave Blackwell,Verisk Analytics Inc.,Technology,EDP Services,Orange,7050,New Jersey,East,2009-04-06,0,Training - SQL,Training,Big Data,Jacob Manziel,Allen Young,57,1,0.54
2039,14530,2009-04-06,2009-04-01,17,3400,0.06,200,3174.52,Tracy Hoffman,Cerner Corporation,Technology,EDP Services,Columbia,29203,South Carolina,South,2009-04-08,2,Development - Big Data,Development,Python,Emma Watson,Frank Mitchell,67,1,0.67
2040,14530,2009-04-06,2009-04-01,49,9800,0.1,200,8760.73,Tracy Hoffman,Cerner Corporation,Technology,EDP Services,Columbia,29203,South Carolina,South,2009-04-08,2,Development - Big Data,Development,Big Data,Mason Gibson,Frank Mitchell,71,1,0.65
2041,14530,2009-04-06,2009-04-01,44,6600,0.01,150,6490.09,Tracy Hoffman,Cerner Corporation,Technology,EDP Services,Columbia,29203,South Carolina,South,2009-04-06,0,Consulting - Market Research,Consulting,Tableau,Noah Smith,Frank Mitchell,59,1,0.61
3768,26918,2009-04-06,2009-04-01,16,1920,0.05,120,1811.74,Russell Redmond,Cerner Corporation,Technology,EDP Services,La Vista,68128,Nebraska,Central,2009-04-15,9,Development - Business Logic,Development,Python,Alexander Edison,Josh Martinez,70,1,0.42
4968,35361,2009-04-06,2009-04-01,40,4400,0.09,110,3977.09,Corey Cheatham,Monster Beverage Corporation,Consumer Non-Durables,Beverages (Production/Distribution),Mission Viejo,92691,California,West,2009-04-07,1,Development - Python,Development,.Net,Elizabeth Carter,Bob Turner,52,1,0.53
4969,35361,2009-04-06,2009-04-01,37,4070,0,110,4042.65,Corey Cheatham,Monster Beverage Corporation,Consumer Non-Durables,Beverages (Production/Distribution),Mission Viejo,92691,California,West,2009-04-07,1,Development - Python,Development,Java,Liam Franklin,Bob Turner,52,1,0.53
5721,40544,2009-04-06,2009-04-01,39,4875,0.06,125,4551.71,Michelle Collister,American Airlines Group Inc.,Transportation,Air Freight/Delivery Services,Greenfield,53220,Wisconsin,Central,2009-04-08,2,Training - SQL,Training,.Net,Noah Smith,Josh Martinez,59,1,0.53
6014,42599,2009-04-06,2009-04-01,31,3875,0.04,125,3695,Alex Thompson,Check Point Software Technologies Ltd.,Technology,Computer Software: Prepackaged Software,Dover,3820,New Hampshire,East,2009-04-07,1,Training - Tableau,Training,.Net,Olivia Sullivan,Allen Young,53,1,0.58
555,3777,2009-04-07,2009-04-01,14,1750,0.06,125,1633.99,Christine Wasserman,Google Inc.,Technology,Computer Software: Programming Data Processing,Papillion,68046,Nebraska,Central,2009-04-08,1,Training - SQL,Training,SQL,Sophia Dixon,Josh Martinez,71,1,0.43
770,5509,2009-04-07,2009-04-01,11,1210,0.02,110,1177.86,Ashley Wiener,Lam Research Corporation,Technology,Industrial Machinery/Components,Flagstaff,86001,Arizona,West,2009-04-12,5,Development - PHP,Development,Market Research,Abigail Young,Bob Turner,50,1,0.55
