4196,29826,2009-09-24,2009-09-01,9,1350,0.06,150,1265.87,Cathy Molinari,Citrix Systems Inc.,Technology,Computer Software: Prepackaged Software,Pueblo West,81007,Colorado,West,2009-09-25,1,Consulting - Business Model,Consulting,Java,Sophia Dixon,Bob Turner,71,1,0.53
5925,42022,2009-09-24,2009-09-01,45,7200,0.04,160,6894.97,Eugene Farry,Liberty Media Corporation,Consumer Services,Broadcasting,Channelview,77530,Texas,Central,2009-09-25,1,Development - Java,Development,Market Research,Emily Taylor,Josh Martinez,62,1,0.61
5926,42022,2009-09-24,2009-09-01,11,1540,0.06,140,1444.03,Eugene Farry,Liberty Media Corporation,Consumer Services,Broadcasting,Channelview,77530,Texas,Central,2009-09-25,1,Development - Database,Development,Market Research,Isabella Douglas,Josh Martinez,75,1,0.46
7456,53190,2009-09-24,2009-09-01,10,1600,0.06,160,1500.29,Michelle Jacobs,Yahoo! Inc.,Technology,EDP Services,Marion,52302,Iowa,Central,2009-09-27,3,Development - Java,Development,Development,Mia Moore,Josh Martinez,51,1,0.68
7457,53190,2009-09-24,2009-09-01,9,1350,0.1,150,1212.01,Michelle Jacobs,Yahoo! Inc.,Technology,EDP Services,Marion,52302,Iowa,Central,2009-09-25,1,Consulting - Market Research,Consulting,Java,Ava Wilson,Josh Martinez,67,1,0.55
7690,55138,2009-09-24,2009-09-01,22,4400,0,200,4389.16,Jim Kriz,Linear Technology Corporation,Technology,Semiconductors,Highland,46322,Indiana,Central,2009-09-25,1,Development - Big Data,Development,Market Research,Elizabeth Carter,Josh Martinez,52,1,0.74
511,3522,2009-09-25,2009-09-01,33,5610,0.09,170,5092.65,James Derr,Comcast Corporation,Consumer Services,Television Services,Annandale,22003,Virginia,South,2009-10-02,7,Development - .Net,Development,SQL,Noah Smith,Frank Mitchell,59,1,0.65
512,3522,2009-09-25,2009-09-01,27,4050,0.05,150,3838.12,James Derr,Comcast Corporation,Consumer Services,Television Services,Annandale,22003,Virginia,South,2009-09-27,2,Consulting - Business Model,Consulting,Strategy,Ethan Bird,Frank Mitchell,60,1,0.6
1805,12903,2009-09-25,2009-09-01,2,300,0.07,150,278.32,Sue Prescott,Liberty Interactive Corporation,Consumer Services,Catalog/Specialty Distribution,Oakland Park,33334,Florida,South,2009-09-27,2,Consulting - Market Research,Consulting,Tableau,Jacob Manziel,Frank Mitchell,57,1,0.62
2233,16133,2009-09-25,2009-09-01,16,2400,0.06,150,2250.5,Erin Eichhorn,Kraft Foods Group Inc.,Consumer Non-Durables,Packaged Foods,Auburn,36830,Alabama,South,2009-09-25,0,Consulting - Strategy,Consulting,Development,William Bufont,Frank Mitchell,62,1,0.59
2234,16133,2009-09-25,2009-09-01,1,125,0.17,125,103.5,Matt French,Paychex Inc.,Consumer Services,Diversified Commercial Services,Bloomington,55420,Minnesota,Central,2009-09-27,2,Training - SQL,Training,Market Research,Ava Wilson,Josh Martinez,67,1,0.46
2594,18754,2009-09-25,2009-09-01,8,1000,0.03,125,967.63,Roland Paige,Alexion Pharmaceuticals Inc.,Health Care,Major Pharmaceuticals,Inver Grove Heights,55076,Minnesota,Central,2009-09-27,2,Training - Tableau,Training,Python,William Bufont,Josh Martinez,62,1,0.5
2595,18754,2009-09-25,2009-09-01,32,4800,0.08,150,4405.23,Roland Paige,Alexion Pharmaceuticals Inc.,Health Care,Major Pharmaceuticals,Inver Grove Heights,55076,Minnesota,Central,2009-09-26,1,Consulting - Market Research,Consulting,Business Logic,Emma Watson,Josh Martinez,67,1,0.55
3222,23136,2009-09-25,2009-09-01,41,5125,0.01,125,5061.37,Barry Packer,Mattel Inc.,Consumer Non-Durables,Recreational Products/Toys,Loveland,80538,Colorado,West,2009-09-26,1,Training - Development,Training,Python,Emily Taylor,Bob Turner,62,1,0.5
3223,23136,2009-09-25,2009-09-01,43,6450,0.04,150,6176.9,Barry Packer,Mattel Inc.,Consumer Non-Durables,Recreational Products/Toys,Loveland,80538,Colorado,West,2009-09-26,1,Consulting - Business Model,Consulting,Business Model,Jayden Hamilton,Bob Turner,71,1,0.53
3947,28135,2009-09-25,2009-09-01,37,6290,0.08,170,5772.69,Jeremy Watters,Google Inc.,Technology,Computer Software: Programming Data Processing,Woodstock,60098,Illinois,Central,2009-09-27,2,Development - .Net,Development,Python,Ava Wilson,Josh Martinez,67,1,0.61
3948,28135,2009-09-25,2009-09-01,40,5600,0.05,140,5307.02,Jeremy Watters,Google Inc.,Technology,Computer Software: Programming Data Processing,Woodstock,60098,Illinois,Central,2009-09-25,0,Development - Front End Web,Development,Business Model,Mason Gibson,Josh Martinez,71,1,0.49
2636,19075,2009-09-26,2009-09-01,36,5400,0.01,150,5333.09,Joseph Blanton,QUALCOMM Incorporated,Technology,Radio And Television Broadcasting And Communications Equipment,Newnan,30265,Georgia,South,2009-09-27,1,Consulting - Business Model,Consulting,Market Research,Olivia Sullivan,Frank Mitchell,53,1,0.65
2781,20069,2009-09-26,2009-09-01,6,750,0.07,125,695.82,Jack Satty,C.H. Robinson Worldwide Inc.,Transportation,Oil Refining/Marketing,Davie,33314,Florida,South,2009-09-28,2,Training - SQL,Training,Java,Emily Taylor,Frank Mitchell,62,1,0.5
4378,31175,2009-09-26,2009-09-01,26,2860,0,110,2853.1,William Jacobs,Facebook Inc.,Technology,Computer Software: Programming Data Processing,Kennesaw,30144,Georgia,South,2009-09-29,3,Development - Python,Development,Business Logic,Elizabeth Carter,Frank Mitchell,52,1,0.53
5852,41542,2009-09-26,2009-09-01,47,5875,0.03,125,5684.99,Marc Ludwig,Liberty Global plc,Consumer Services,Television Services,West Memphis,72301,Arkansas,South,2009-09-27,1,Training - Javascript,Training,Business Logic,Jayden Hamilton,Frank Mitchell,71,1,0.43
1666,12007,2009-09-27,2009-09-01,42,8400,0.04,200,8044.73,Victoria Schild,Electronic Arts Inc.,Technology,Computer Software: Prepackaged Software,Calexico,92231,California,West,2009-09-29,2,Development - Scala,Development,SQL,Alexander Edison,Bob Turner,70,1,0.65
3632,25953,2009-09-27,2009-09-01,27,3240,0.1,120,2909.03,Liz Sundaresam,Fiserv Inc.,Technology,EDP Services,High Point,27260,North Carolina,South,2009-09-28,1,Development - Business Logic,Development,Python,Noah Smith,Frank Mitchell,59,1,0.51
3633,25953,2009-09-27,2009-09-01,19,2850,0.04,150,2729.46,Liz Sundaresam,Fiserv Inc.,Technology,EDP Services,High Point,27260,North Carolina,South,2009-09-28,1,Consulting - Market Research,Consulting,Python,Alexander Edison,Frank Mitchell,70,1,0.53
6927,49441,2009-09-27,2009-09-01,49,6125,0.07,125,5682.64,Mary Minnotte,NetApp Inc.,Technology,Electronic Components,Apple Valley,55124,Minnesota,Central,2009-09-28,1,Training - SQL,Training,Python,Daniel Tusk,Josh Martinez,45,1,0.64
41,231,2009-09-28,2009-09-01,2,340,0.06,170,318.84,Sean Witt,Twenty-First Century Fox Inc.,Consumer Services,Television Services,Hollywood,33021,Florida,South,2009-09-30,2,Development - .Net,Development,Python,Jacob Manziel,Frank Mitchell,57,1,0.66
1265,9219,2009-09-28,2009-09-01,24,3600,0.04,150,3447.83,Craig Blumstein,NetApp Inc.,Technology,Electronic Components,Roy,84067,Utah,West,2009-10-03,5,Consulting - Business Model,Consulting,Development,Michael Alister,Bob Turner,68,1,0.55
1266,9219,2009-09-28,2009-09-01,41,4510,0.02,110,4409.35,Craig Blumstein,NetApp Inc.,Technology,Electronic Components,Roy,84067,Utah,West,2009-09-30,2,Development - Python,Development,Big Data,Jacob Manziel,Bob Turner,57,1,0.48
2326,16771,2009-09-28,2009-09-01,42,5250,0.02,125,5132.84,Dan Ashbrook,SBA Communications Corporation,Consumer Services,Telecommunications Equipment,Texarkana,75503,Texas,Central,2009-09-30,2,Training - SQL,Training,Javascript,Isabella Douglas,Josh Martinez,75,1,0.4
7750,55461,2009-09-28,2009-09-01,16,2000,0.06,125,1875.55,Meg Norvell,TripAdvisor Inc.,Technology,Computer Software: Programming Data Processing,Kirkwood,63122,MO,Central,2009-09-29,1,Training - SQL,Training,PHP,Abigail Young,Josh Martinez,50,1,0.6
625,4354,2009-09-29,2009-09-01,6,750,0.02,125,733.28,Erin Dona,KLA-Tencor Corporation,Capital Goods,Electronic Components,Carrollton,75007,Texas,Central,2009-09-30,1,Training - SQL,Training,Strategy,Daniel Tusk,Josh Martinez,45,1,0.64
2731,19716,2009-09-29,2009-09-01,5,750,0.03,150,725.8,Nat Lloyd,C.H. Robinson Worldwide Inc.,Transportation,Oil Refining/Marketing,Killeen,76541,Texas,Central,2009-10-06,7,Consulting - Market Research,Consulting,Strategy,Jayden Hamilton,Josh Martinez,71,1,0.53
3734,26689,2009-09-29,2009-09-01,2,250,0.01,125,246.92,Tamara Gordon,Tractor Supply Company,Consumer Services,RETAIL: Building Materials,Twentynine Palms,92277,California,West,2009-10-02,3,Training - SQL,Training,Strategy,Liam Franklin,Bob Turner,52,1,0.58
3767,26913,2009-09-29,2009-09-01,11,1650,0.01,150,1629.68,Amy Murray,Citrix Systems Inc.,Technology,Computer Software: Prepackaged Software,Knoxville,37918,Tennessee,South,2009-10-01,2,Consulting - Market Research,Consulting,Big Data,Elizabeth Carter,Frank Mitchell,52,1,0.65
6325,44775,2009-09-29,2009-09-01,29,3480,0.07,120,3228.83,Dennis Eason,Amazon.com Inc.,Consumer Services,Catalog/Specialty Distribution,Commack,11725,New York,East,2009-09-30,1,Development - Business Logic,Development,Front End Web,Jayden Hamilton,Allen Young,71,1,0.41
8137,58151,2009-09-29,2009-09-01,33,5280,0.1,160,4740.88,Michelle Ryan,Apple Inc.,Technology,Computer Manufacturing,College Park,20740,Maryland,East,2009-09-29,0,Development - Java,Development,Business Model,Emma Watson,Allen Young,67,1,0.58
8138,58151,2009-09-29,2009-09-01,38,7600,0.02,200,7430.58,Michelle Ryan,Apple Inc.,Technology,Computer Manufacturing,College Park,20740,Maryland,East,2009-09-29,0,Development - Big Data,Development,SQL,Sophia Dixon,Allen Young,71,1,0.65
141,900,2009-09-30,2009-09-01,29,4640,0.07,160,4305.21,Karen Jacobs,VimpelCom Ltd.,Public Utilities,Telecommunications Equipment,Townsend,1469,MA,East,2009-10-01,1,Development - Java,Development,Business Logic,Sophia Dixon,Allen Young,71,1,0.56
635,4451,2009-09-30,2009-09-01,47,5640,0.04,120,5401.87,Tanja Collins,Tesla Motors Inc.,Capital Goods,Auto Manufacturing,Saint Petersburg,33710,Florida,South,2009-09-30,0,Development - Business Logic,Development,PHP,Ethan Bird,Frank Mitchell,60,1,0.5
675,4708,2009-09-30,2009-09-01,29,3190,0.08,110,2928.01,Michelle Crier,Automatic Data Processing Inc.,Technology,EDP Services,Crofton,21114,Maryland,East,2009-10-02,2,Development - Python,Development,Business Model,Sophia Dixon,Allen Young,71,1,0.35
2645,19140,2009-09-30,2009-09-01,47,7520,0.07,160,6977.41,Ann Chapman,Fastenal Company,Consumer Services,RETAIL: Building Materials,Layton,84041,Utah,West,2009-10-01,1,Development - Java,Development,SQL,Olivia Sullivan,Bob Turner,53,1,0.67
2646,19140,2009-09-30,2009-09-01,50,7000,0.09,140,6355.26,Ann Chapman,Fastenal Company,Consumer Services,RETAIL: Building Materials,Lehi,84043,Utah,West,2009-10-01,1,Development - Database,Development,Business Logic,Emma Watson,Bob Turner,67,1,0.52
4253,30278,2009-09-30,2009-09-01,50,7500,0.03,150,7258.16,Ionia Barroso,CA Inc.,Technology,Computer Software: Prepackaged Software,Decatur,35601,Alabama,South,2009-10-09,9,Consulting - Market Research,Consulting,Business Model,Liam Franklin,Frank Mitchell,52,1,0.65
5880,41728,2009-09-30,2009-09-01,28,4480,0.08,160,4112.06,Alejandro Olsen,Broadcom Corporation,Technology,Semiconductors,Cincinnati,45231,Ohio,East,2009-10-02,2,Development - Java,Development,Business Logic,Mason Gibson,Allen Young,71,1,0.56
5881,41728,2009-09-30,2009-09-01,10,1250,0.02,125,1222.16,Alejandro Olsen,Broadcom Corporation,Technology,Semiconductors,Cincinnati,45231,Ohio,East,2009-10-01,1,Training - Development,Training,Business Model,Alexander Edison,Allen Young,70,1,0.44
2270,16321,2009-10-01,2009-10-01,50,10000,0.03,200,9677.79,Roy Peterman,Broadcom Corporation,Technology,Semiconductors,Gainesville,32601,Florida,South,2009-10-03,2,Development - Big Data,Development,Java,Abigail Young,Frank Mitchell,50,1,0.75
4736,33701,2009-10-01,2009-10-01,35,5600,0.08,160,5140.2,Carl Grace,Cerner Corporation,Technology,EDP Services,Columbus,39701,Mississippi,South,2009-10-03,2,Development - Java,Development,Java,Emily Taylor,Frank Mitchell,62,1,0.61
5266,37473,2009-10-01,2009-10-01,42,5880,0.1,140,5279.88,Tom Skaria,Avago Technologies Limited,Technology,Semiconductors,France,91505,California,West,2009-10-05,4,Development - Front End Web,Development,Business Model,Jayden Hamilton,Bob Turner,71,1,0.49
5267,37473,2009-10-01,2009-10-01,8,880,0.06,110,825.31,Tom Skaria,Avago Technologies Limited,Technology,Semiconductors,Hudson,3051,New Hampshire,East,2009-10-01,0,Development - Python,Development,Python,Madison Hill,Allen Young,58,1,0.47
6880,49056,2009-10-01,2009-10-01,46,5060,0.05,110,4795.99,Cathy Braxton,Discovery Communications Inc.,Consumer Services,Television Services,Manchester,3101,New Hampshire,East,2009-10-03,2,Development - Python,Development,PHP,Daniel Tusk,Allen Young,45,1,0.59
6881,49056,2009-10-01,2009-10-01,5,750,0.05,150,710.87,Cathy Braxton,Discovery Communications Inc.,Consumer Services,Television Services,Rutland,5701,Vermont,East,2009-10-01,0,Consulting - Market Research,Consulting,Python,Emma Watson,Allen Young,67,1,0.55
7530,53797,2009-10-01,2009-10-01,10,1250,0.01,125,1234.67,Doug Cooley,Cisco Systems Inc.,Technology,Computer Communications Equipment,Schaumburg,60193,Illinois,Central,2009-10-01,0,Training - Tableau,Training,Python,Sophia Dixon,Josh Martinez,71,1,0.43
2176,15654,2009-10-02,2009-10-01,27,3375,0.03,125,3266.34,Duane DeMoss,Discovery Communications Inc.,Consumer Services,Television Services,France,92399,California,West,2009-10-04,2,Training - Tableau,Training,Javascript,Madison Hill,Bob Turner,58,1,0.54
2177,15654,2009-10-02,2009-10-01,4,600,0.02,150,586.67,Duane DeMoss,Discovery Communications Inc.,Consumer Services,Television Services,Yucaipa,92399,California,West,2009-10-04,2,Consulting - Strategy,Consulting,SQL,Mia Moore,Bob Turner,51,1,0.66
2600,18788,2009-10-02,2009-10-01,27,3375,0.03,125,3266.34,Joy Moren,Ross Stores Inc.,Consumer Services,Clothing/Shoe/Accessory Stores,Valparaiso,46383,Indiana,Central,2009-10-03,1,Training - SQL,Training,Java,Emma Watson,Josh Martinez,67,1,0.46
7158,51072,2009-10-02,2009-10-01,43,8600,0,200,8580.52,Anna Hwang,Facebook Inc.,Technology,Computer Software: Programming Data Processing,Overland Park,66212,Kansas,Central,2009-10-04,2,Development - Big Data,Development,Python,Alexander Edison,Josh Martinez,70,1,0.65
566,3841,2009-10-04,2009-10-01,19,3230,0.02,170,3158.39,John Selesnick,NetApp Inc.,Technology,Electronic Components,Harrison,10528,New York,East,2009-10-06,2,Development - .Net,Development,Big Data,Mason Gibson,Allen Young,71,1,0.58
567,3841,2009-10-04,2009-10-01,20,3200,0.02,160,3129.05,John Selesnick,NetApp Inc.,Technology,Electronic Components,Harrison,10528,New York,East,2009-10-06,2,Development - Java,Development,SQL,Noah Smith,Allen Young,59,1,0.63
568,3841,2009-10-04,2009-10-01,43,6450,0.05,150,6113.93,John Selesnick,NetApp Inc.,Technology,Electronic Components,Harrison,10528,New York,East,2009-10-06,2,Consulting - Market Research,Consulting,Business Logic,Alexander Edison,Allen Young,70,1,0.53
2107,15075,2009-10-04,2009-10-01,24,3000,0.02,125,2933.49,Natalie Pelletier,Costco Wholesale Corporation,Consumer Services,Department/Specialty Retail Stores,Melbourne,32935,Florida,South,2009-10-04,0,Training - SQL,Training,.Net,Noah Smith,Frank Mitchell,59,1,0.53
2108,15075,2009-10-04,2009-10-01,10,1500,0.01,150,1481.71,Natalie Pelletier,Costco Wholesale Corporation,Consumer Services,Department/Specialty Retail Stores,Merritt Island,32953,Florida,South,2009-10-06,2,Consulting - Business Model,Consulting,Development,Liam Franklin,Frank Mitchell,52,1,0.65
2641,19111,2009-10-04,2009-10-01,24,3600,0.04,150,3448.34,Bart McMahon,NetApp Inc.,Technology,Electronic Components,Potomac,20854,Maryland,East,2009-10-09,5,Consulting - Business Model,Consulting,Java,Elizabeth Carter,Allen Young,52,1,0.65
4246,30214,2009-10-04,2009-10-01,38,6080,0.1,160,5459.88,Keith Beeghly,Altera Corporation,Technology,Semiconductors,Paragould,72450,Arkansas,South,2009-10-11,7,Development - Java,Development,Business Model,Mason Gibson,Frank Mitchell,71,1,0.56
6298,44583,2009-10-04,2009-10-01,6,1020,0.1,170,915.97,Deanra Sachs,Analog Devices Inc.,Technology,Semiconductors,Boston,2108,MA,East,2009-10-09,5,Development - .Net,Development,Database,Ethan Bird,Allen Young,60,1,0.65
6299,44583,2009-10-04,2009-10-01,21,2625,0.02,125,2566.8,Deanra Sachs,Analog Devices Inc.,Technology,Semiconductors,North Arlington,7031,New Jersey,East,2009-10-06,2,Training - SQL,Training,Java,Sophia Dixon,Allen Young,71,1,0.43
6911,49313,2009-10-04,2009-10-01,34,4250,0.1,125,3816.53,Grant Jackson,Tesla Motors Inc.,Capital Goods,Auto Manufacturing,Fairmont,26554,West Virginia,East,2009-10-04,0,Training - SQL,Training,SQL,Ava Wilson,Allen Young,67,1,0.46
6912,49313,2009-10-04,2009-10-01,36,5400,0.05,150,5118.64,Grant Jackson,Tesla Motors Inc.,Capital Goods,Auto Manufacturing,Fairmont,26554,West Virginia,East,2009-10-05,1,Consulting - Market Research,Consulting,Java,Madison Hill,Allen Young,58,1,0.61
7011,50051,2009-10-04,2009-10-01,17,2720,0.02,160,2659.7,Jas Jarboe,DISH Network Corporation,Consumer Services,Television Services,Bartlesville,74006,Oklahoma,Central,2009-10-06,2,Development - Java,Development,PHP,Madison Hill,Josh Martinez,58,1,0.64
7012,50051,2009-10-04,2009-10-01,4,500,0.09,125,453.99,Jas Jarboe,DISH Network Corporation,Consumer Services,Television Services,Bartlesville,74006,Oklahoma,Central,2009-10-06,2,Training - SQL,Training,Python,William Bufont,Josh Martinez,62,1,0.5
7013,50051,2009-10-04,2009-10-01,15,1875,0.03,125,1814.72,Jas Jarboe,DISH Network Corporation,Consumer Services,Television Services,Willoughby,44094,Ohio,East,2009-10-04,0,Training - SQL,Training,Strategy,Olivia Sullivan,Allen Young,53,1,0.58
1364,9923,2009-10-05,2009-10-01,27,3375,0.01,125,3333.93,Chad Bavinger,DIRECTV,Consumer Services,Telecommunications Equipment,Saint Paul,55106,Minnesota,Central,2009-10-05,0,Training - SQL,Training,Python,Emma Watson,Josh Martinez,67,1,0.46
1365,9923,2009-10-05,2009-10-01,14,2800,0.03,200,2710.05,Chad Bavinger,DIRECTV,Consumer Services,Telecommunications Equipment,Saint Paul,55106,Minnesota,Central,2009-10-06,1,Development - Big Data,Development,Business Model,Alexander Edison,Josh Martinez,70,1,0.65
2849,20518,2009-10-05,2009-10-01,49,7350,0.07,150,6820.53,Paul Brittain,Linear Technology Corporation,Technology,Semiconductors,Hackensack,7601,New Jersey,East,2009-10-06,1,Consulting - Market Research,Consulting,Big Data,Noah Smith,Allen Young,59,1,0.61
2850,20518,2009-10-05,2009-10-01,7,1050,0.01,150,1037.22,Paul Brittain,Linear Technology Corporation,Technology,Semiconductors,Iselin,8830,New Jersey,East,2009-10-06,1,Consulting - Strategy,Consulting,Database,Jayden Hamilton,Allen Young,71,1,0.53
5886,41764,2009-10-05,2009-10-01,16,2000,0.03,125,1935.75,Katherine Sewall,American Airlines Group Inc.,Transportation,Air Freight/Delivery Services,Lima,45801,Ohio,East,2009-10-07,2,Training - Javascript,Training,Strategy,Olivia Sullivan,Allen Young,53,1,0.58
6584,46881,2009-10-06,2009-10-01,31,4960,0.07,160,4602.81,Nick Spruell,DIRECTV,Consumer Services,Telecommunications Equipment,Lafayette,70506,Louisiana,South,2009-10-08,2,Development - Java,Development,Market Research,Noah Smith,Frank Mitchell,59,1,0.63
8060,57511,2009-10-06,2009-10-01,32,6400,0.01,200,6322.28,Duane DeMoss,Discovery Communications Inc.,Consumer Services,Television Services,Arvada,80004,Colorado,West,2009-10-07,1,Development - Scala,Development,Scala,Elizabeth Carter,Bob Turner,52,1,0.74
8061,57511,2009-10-06,2009-10-01,11,1650,0,150,1646.43,Duane DeMoss,Discovery Communications Inc.,Consumer Services,Television Services,Arvada,80004,Colorado,West,2009-10-08,2,Consulting - Market Research,Consulting,Business Model,Ethan Bird,Bob Turner,60,1,0.6
1112,8162,2009-10-07,2009-10-01,25,3750,0.03,150,3629.71,Mathew McNair,O'Reilly Automotive Inc.,Consumer Services,Other Specialty Stores,Jamestown,14701,New York,East,2009-10-08,1,Consulting - Business Model,Consulting,Python,Michael Alister,Allen Young,68,1,0.55
1113,8162,2009-10-07,2009-10-01,32,4800,0.1,150,4310.75,Mathew McNair,O'Reilly Automotive Inc.,Consumer Services,Other Specialty Stores,Jamestown,14701,New York,East,2009-10-08,1,Consulting - Business Model,Consulting,Business Logic,Isabella Douglas,Allen Young,75,1,0.5
1114,8162,2009-10-07,2009-10-01,42,8400,0.1,200,7543.82,Mathew McNair,O'Reilly Automotive Inc.,Consumer Services,Other Specialty Stores,Jamestown,14701,New York,East,2009-10-09,2,Development - Big Data,Development,Python,Alexander Edison,Allen Young,70,1,0.65
3638,26016,2009-10-07,2009-10-01,2,300,0.09,150,272.42,Ken Odegard,Broadcom Corporation,Technology,Semiconductors,University City,63130,MO,Central,2009-10-09,2,Consulting - Business Model,Consulting,.Net,Noah Smith,Josh Martinez,59,1,0.61
3639,26016,2009-10-07,2009-10-01,44,6600,0.08,150,6059,Ken Odegard,Broadcom Corporation,Technology,Semiconductors,University City,63130,MO,Central,2009-10-09,2,Consulting - Market Research,Consulting,Business Logic,Daniel Tusk,Josh Martinez,45,1,0.7
6544,46533,2009-10-07,2009-10-01,3,375,0.04,125,359.23,John Brown,Netflix Inc.,Consumer Services,Consumer Electronics/Video Chains,Moscow,83843,Idaho,West,2009-10-08,1,Training - SQL,Training,Market Research,Alexander Edison,Bob Turner,70,1,0.44
6545,46533,2009-10-07,2009-10-01,12,1800,0.1,150,1616.53,John Brown,Netflix Inc.,Consumer Services,Consumer Electronics/Video Chains,Moscow,83843,Idaho,West,2009-10-09,2,Consulting - Market Research,Consulting,Python,Emma Watson,Bob Turner,67,1,0.55
6676,47520,2009-10-07,2009-10-01,36,5760,0.09,160,5230.38,Liz Ward,Gilead Sciences Inc.,Health Care,Biotechnology: Biological Products (No Diagnostic Substances),Garden City,48135,Michigan,Central,2009-10-09,2,Development - Java,Development,Front End Web,Michael Alister,Josh Martinez,68,1,0.58
6677,47520,2009-10-07,2009-10-01,13,1625,0.05,125,1540.45,Liz Ward,Gilead Sciences Inc.,Health Care,Biotechnology: Biological Products (No Diagnostic Substances),Garden City,48135,Michigan,Central,2009-10-09,2,Training - Development,Training,SQL,Mason Gibson,Josh Martinez,71,1,0.43
6678,47520,2009-10-07,2009-10-01,47,5170,0.04,110,4952.58,Liz Ward,Gilead Sciences Inc.,Health Care,Biotechnology: Biological Products (No Diagnostic Substances),Garden City,48135,Michigan,Central,2009-10-09,2,Development - Python,Development,Strategy,Emma Watson,Josh Martinez,67,1,0.39
2983,21541,2009-10-08,2009-10-01,43,5375,0.04,125,5149.08,Quincy Patterson,Ross Stores Inc.,Consumer Services,Clothing/Shoe/Accessory Stores,Bullhead City,86442,Arizona,West,2009-10-10,2,Training - Tableau,Training,Business Logic,Ethan Bird,Bob Turner,60,1,0.52
4017,28675,2009-10-08,2009-10-01,15,2250,0.1,150,2020.72,Ralph Hernandez,Sirius XM Holdings Inc.,Consumer Services,Broadcasting,Lansing,60438,Illinois,Central,2009-10-09,1,Consulting - Market Research,Consulting,Python,Ava Wilson,Josh Martinez,67,1,0.55
4938,35136,2009-10-08,2009-10-01,23,2760,0.07,120,2561.37,Peter Abelman,NVIDIA Corporation,Technology,Semiconductors,Atlanta,30318,Georgia,South,2009-10-09,1,Development - Business Logic,Development,Java,Olivia Sullivan,Frank Mitchell,53,1,0.56
5161,36739,2009-10-08,2009-10-01,16,2560,0.07,160,2375.76,Pamela Boeckenhauer,Garmin Ltd.,Capital Goods,Industrial Machinery/Components,Ossining,10562,New York,East,2009-10-10,2,Development - Java,Development,Java,Madison Hill,Allen Young,58,1,0.64
5162,36739,2009-10-08,2009-10-01,27,3375,0.07,125,3132.11,Pamela Boeckenhauer,Garmin Ltd.,Capital Goods,Industrial Machinery/Components,Ossining,10562,New York,East,2009-10-08,0,Training - SQL,Training,Business Model,Emma Watson,Allen Young,67,1,0.46
7027,50147,2009-10-08,2009-10-01,42,4620,0.05,110,4379.71,Denise Sievert,Applied Materials Inc.,Technology,Semiconductors,Cary,27511,North Carolina,South,2009-10-09,1,Development - PHP,Development,Javascript,Elizabeth Carter,Frank Mitchell,52,1,0.53
7028,50147,2009-10-08,2009-10-01,13,1430,0,110,1426.97,Denise Sievert,Applied Materials Inc.,Technology,Semiconductors,Cary,27511,North Carolina,South,2009-10-08,0,Development - Python,Development,PHP,Madison Hill,Frank Mitchell,58,1,0.47
413,2791,2009-10-09,2009-10-01,47,7520,0,160,7504.28,Eugene Melton,Linear Technology Corporation,Technology,Semiconductors,Carpentersville,60110,Illinois,Central,2009-10-09,0,Development - Java,Development,Development,Ethan Bird,Josh Martinez,60,1,0.63
414,2791,2009-10-09,2009-10-01,49,6125,0.09,125,5562.1,Eugene Melton,Linear Technology Corporation,Technology,Semiconductors,Carpentersville,60110,Illinois,Central,2009-10-11,2,Training - Development,Training,Business Model,Isabella Douglas,Josh Martinez,75,1,0.4
415,2791,2009-10-09,2009-10-01,18,1980,0.1,110,1778.27,Eugene Melton,Linear Technology Corporation,Technology,Semiconductors,Carpentersville,60110,Illinois,Central,2009-10-10,1,Development - Python,Development,Big Data,Ava Wilson,Josh Martinez,67,1,0.39
1941,13920,2009-10-09,2009-10-01,25,2750,0.1,110,2469.83,Allen Applegate,Comcast Corporation,Consumer Services,Television Services,Tysons Corner,22102,Virginia,South,2009-10-11,2,Development - Python,Development,Business Model,Sophia Dixon,Frank Mitchell,71,1,0.35
1942,13920,2009-10-09,2009-10-01,24,3360,0.06,140,3151.8,Allen Applegate,Comcast Corporation,Consumer Services,Television Services,Tysons Corner,22102,Virginia,South,2009-10-10,1,Development - Front End Web,Development,Javascript,Ethan Bird,Frank Mitchell,60,1,0.57
